ds,yhat,yhat_lower,yhat_upper
2014-01-03,1548.287992446285,-1268.9422307775892,4079.7927731517043
2014-01-04,1053.0685594809406,-1941.6239251786742,3833.616469884635
2014-01-05,1144.803640700883,-1614.43781212263,4079.693847373406
2014-01-06,1270.094552075634,-1366.0738351932334,3935.8913038550404
2014-01-07,612.5913818987004,-2258.479092565618,3067.047271419665
2014-01-09,822.7233586793211,-1701.0212739710107,3559.447969892754
2014-01-10,1043.4921932386553,-1696.9239639168227,3720.5047720566486
2014-01-11,613.4539233652413,-2185.5374072917552,3309.63257119192
2014-01-13,973.1502834567391,-1778.1070867726894,3415.864314055333
2014-01-14,390.2112116034905,-2445.655027587923,3138.053879719768
2014-01-15,-467.72308515017767,-3202.506360377853,2125.612239244477
2014-01-16,748.1845058915849,-1949.094215065535,3619.2056381855637
2014-01-18,674.7120500062096,-1880.7237238320386,3607.944935841509
2014-01-19,895.9315482903337,-1965.9358752590995,3729.624013454415
2014-01-20,1146.681811128238,-1666.062541661983,3778.1938514848302
2014-01-21,607.9991882899067,-2045.7591318143268,3358.0751821404087
2014-01-23,1026.1426156491773,-1639.2421103832266,3720.1458500474964
2014-01-26,1186.1578900385632,-1501.3855063190176,4057.1846194715054
2014-01-27,1420.0110855248915,-1303.3804543111146,4036.20849466851
2014-01-28,854.589716516995,-1920.982770515129,3612.879046052798
2014-01-30,1192.9702818964204,-1375.4467630813904,4081.4547713774346
2014-01-31,1447.749686878906,-1244.00489002548,4214.895077902758
2014-02-01,1030.9870222961176,-1520.169322758688,3729.0848266060843
2014-02-02,1185.133956953095,-1483.1876300105837,3872.507552053338
2014-02-03,1355.9765541454615,-1377.1869014896415,3849.6738380771094
2014-02-04,726.7447920923845,-2023.7937786341768,3421.01914718324
2014-02-06,941.9402250871547,-1636.668419504125,3831.9411968678955
2014-02-07,1140.7030807712172,-1720.830724149297,3929.097649227685
2014-02-08,673.7605892039148,-1936.774151123198,3147.788532691069
2014-02-11,267.5950930503782,-2530.4400328920647,3021.883709381374
2014-02-12,-668.1759266812837,-3308.449119008043,1964.4745540486094
2014-02-14,672.9491444055565,-2117.4605840677877,3419.1680281713207
2014-02-15,226.20757885268654,-2534.8172540569526,2905.3869937051186
2014-02-16,369.15266537650655,-2458.75711288966,2914.966774698781
2014-02-17,548.4296769015627,-2370.100172898122,3293.9089839360704
2014-02-18,-52.32150314253249,-2829.175660187188,2673.3100246421327
2014-02-20,279.30626802937513,-2594.229969950783,2914.2670425769033
2014-02-21,564.5413675150874,-2136.3705246519303,3380.335238399226
2014-02-22,201.1884155659518,-2536.674330310834,2854.3400890171224
2014-02-23,431.3420475173118,-2203.0615354169895,3234.237882996206
2014-02-24,699.9097810917556,-2077.7708168229733,3412.2979056413483
2014-02-27,693.1934835366582,-1959.7643418645575,3421.7156222792337
2014-03-01,767.962050030021,-1967.938976677293,3427.762981877363
2014-03-02,1063.1624020155898,-1664.8958435462534,3945.944950154883
2014-03-03,1387.3965807935401,-1355.22552553185,3979.152964194313
2014-03-04,921.4196015312691,-1818.5234080295868,3580.01627229169
2014-03-05,170.1974705743246,-2607.3592411443733,2912.579852485487
2014-03-07,1856.1606873061594,-788.9132099926288,4466.701913294567
2014-03-10,2140.220676850885,-687.0197293127851,4697.779850178067
2014-03-11,1635.9206890423857,-1234.9096405186144,4363.551906780738
2014-03-14,2397.9031307796267,-260.9539768137959,5257.052402339372
2014-03-15,2032.0672239025807,-787.8002717012951,4639.88573824792
2014-03-16,2234.189968056843,-639.6634311132018,4842.33443518585
2014-03-17,2449.864569543781,-276.68650886828533,5084.760383478572
2014-03-18,1862.1049504562125,-1023.7918557301344,4784.985406083625
2014-03-19,978.3609483814109,-1632.4536151613065,3849.0828010226587
2014-03-21,2377.7655258701934,-321.83164934983154,5123.063145910546
2014-03-22,1936.1662107717407,-819.691901737668,4756.252408575973
2014-03-23,2067.922076380675,-478.0285203973421,4895.34329378205
2014-03-24,2219.739471885078,-473.159538723768,5068.9825095336155
2014-03-25,1575.5659636238265,-1230.419045224823,4247.326270763838
2014-03-26,643.589077292728,-2039.3329056837256,3247.463007202291
2014-03-28,1972.9791371482247,-820.0596303231671,4774.612470474133
2014-03-29,1510.01827661572,-1210.9093490377106,4285.976980748225
2014-03-30,1629.4376428590626,-1167.147569201455,4335.038197848297
2014-03-31,1777.6372647810765,-1071.367813632218,4368.581364696309
2014-04-01,1138.0727764915564,-1395.4004013629328,4033.5431061909267
2014-04-02,218.27264682298528,-2586.9839692915975,2896.5301154895183
2014-04-03,1368.500979389994,-1558.1533596299896,4152.569686607476
2014-04-04,1591.3834528257119,-1177.002881305615,4213.263068666274
2014-04-05,1158.0264815495566,-1763.2491578095758,3696.7104907687776
2014-04-06,1310.793724323333,-1456.8777907994945,4053.1963669277616
2014-04-07,1494.9719804054428,-1111.3027532207468,3922.8460643992225
2014-04-08,892.8997667078386,-1852.981110039957,3763.9711530964228
2014-04-11,1457.1358379527524,-1470.7018066372686,4206.6366722717885
2014-04-12,1057.0526325074518,-1594.5720882431544,3779.83373834621
2014-04-13,1239.9087447292432,-1463.4708024665188,3842.266723965192
2014-04-15,870.3491420029719,-1948.964242816235,3608.6534526894557
2014-04-16,5.934824474560401,-2444.494671194579,2790.500990618753
2014-04-18,1472.8319457226933,-1307.6275743255558,4136.824482314072
2014-04-19,1076.1950352318802,-1606.5775324373515,3755.29407662811
2014-04-20,1258.201851115089,-1618.1442395543686,4019.316409510935
2014-04-21,1463.9384244457624,-1248.2406414652041,4094.9840933842265
2014-04-22,875.7961946835441,-1728.7581367627947,3656.485300524612
2014-04-23,0.5062006014823055,-2703.3481222608007,2850.186265921329
2014-04-25,1440.0917991747122,-1290.11500848033,4296.641715495397
2014-04-26,1028.4812812264488,-1622.2090966681444,3619.811212340961
2014-04-28,1387.3333937480404,-1269.4278340511378,3849.959069005227
2014-04-29,786.6710191132096,-1923.5757538804148,3624.8035031892496
2014-04-30,-99.0157524214826,-2812.0459691662163,2695.513230078086
2014-05-02,1328.1872196208803,-1605.3589490020715,4049.5463837556217
2014-05-03,915.3631525346299,-1813.075545887875,3851.4108816417843
2014-05-04,1084.9429701077106,-1641.9098789579741,3888.2367459212737
2014-05-05,1282.8330508802817,-1640.9791872905785,3999.712680248145
2014-05-06,692.0814980094634,-2302.733976618075,3366.469874176945
2014-05-07,-180.10484494463367,-3232.90695475594,2355.837219676085
2014-05-08,1016.2999420928957,-1699.2925985936893,3679.4273842231255
2014-05-09,1283.762268329875,-1510.7720208041517,4074.443301401925
2014-05-10,893.3018324447854,-1991.1403323889922,3647.9733438409894
2014-05-11,1087.260206088602,-1635.3640036632178,3747.886882829205
2014-05-12,1310.95753755323,-1455.4794892986554,3923.823128461161
2014-05-13,746.8109869747448,-1996.7968669142754,3469.2257178653617
2014-05-14,-98.62987210911274,-2680.881273837413,2735.292226858753
2014-05-16,1416.5017422306469,-1288.0803306597625,4333.390650771209
2014-05-17,1049.282459471953,-1727.3285029785357,4087.1417745552885
2014-05-18,1264.101778526336,-1531.8904335824463,3792.693636154323
2014-05-19,1505.7634198977341,-1332.402347426607,4280.410070414206
2014-05-20,956.2431299562065,-1799.3805977005584,3736.378150688397
2014-05-21,121.7351605675583,-2579.8159720169715,2858.3289540879246
2014-05-22,1351.3399199037985,-1520.0869464489413,4143.801430307664
2014-05-23,1646.7098263231444,-912.3438059034867,4305.646498151452
2014-05-24,1278.1830483273536,-1377.8607818459723,3992.141228899442
2014-05-25,1487.569009152486,-1079.6437461330004,4528.4716231565835
2014-05-26,1719.8176003319645,-982.1802955775897,4458.4096182272215
2014-05-27,1157.1454551488755,-1461.244111874598,3920.460315286732
2014-05-28,306.07439382729285,-2464.246113960873,3164.462408779324
2014-05-30,1789.369586056118,-903.2733505231364,4304.236363709074
2014-05-31,1396.7139401277072,-1265.2709232814786,4258.313805354898
2014-06-01,1580.5065995770758,-1085.354625012308,4431.321620909772
2014-06-02,1786.273579178554,-1096.8610552615314,4576.044127184019
2014-06-03,1196.8130186209364,-1747.2302472875613,3872.108756522314
2014-06-04,319.2184158664704,-2299.505897790654,2998.0008329248108
2014-06-06,1752.4125048298042,-1106.4351444355927,4196.217462443173
2014-06-07,1337.1482861124548,-1296.839925896664,3875.173746355667
2014-06-08,1500.512826481394,-1162.082659579658,4125.312240040413
2014-06-09,1688.3628086985123,-1141.5401528282416,4273.189046605263
2014-06-10,1083.7522036253392,-1639.747433127493,3930.345157039599
2014-06-13,1611.8722879557413,-1148.1813287753546,4069.9784286818403
2014-06-14,1193.4976522871593,-1691.4162044455413,4049.3551994012405
2014-06-15,1356.6173644155906,-1521.016657972411,4081.5698527703403
2014-06-16,1546.8910563081558,-1218.112383503398,4139.1415397602605
2014-06-17,947.118917706709,-1776.5418315425593,3598.8763945640944
2014-06-18,64.27068438945389,-2747.629676111513,2834.6473016093905
2014-06-20,1501.0645348347516,-1291.7509914329944,4404.39077525641
2014-06-21,1093.8728643613317,-1773.671436607331,3671.3117202197295
2014-06-22,1268.8371518773517,-1634.1138113647298,4056.9847920415355
2014-06-23,1471.2487616931987,-1188.5905166357788,4264.730355510196
2014-06-24,883.559176637683,-1848.7842178173364,3674.993218420701
2014-06-25,12.418312288028119,-2742.715813117245,2644.715238494377
2014-06-27,1470.413274020124,-1284.6066344344833,4094.332191962938
2014-06-28,1072.2849429884866,-1694.7728861383189,3881.6012183972634
2014-06-29,1255.0846738908124,-1627.8322779055027,3876.7469546949415
2014-06-30,1464.017391159065,-1322.5865776616129,4238.919663035455
2014-07-01,881.5007489878831,-2139.9673169324806,3551.1730780705393
2014-07-02,14.201383048637354,-2945.2989909488633,2804.1250214568363
2014-07-04,1476.1814145979463,-1013.063243050121,4221.474654113035
2014-07-05,1078.4433071149379,-1476.5812858028112,3918.453957155554
2014-07-06,1260.7817005389677,-1680.2633133201323,4018.3938560297124
2014-07-07,1468.59169949436,-1052.9998328012857,4278.088363413585
2014-07-08,884.493450171113,-1787.0346421433999,3580.2569742982687
2014-07-09,15.360012457781067,-2607.1129373882213,2710.248957490669
2014-07-11,1473.7111179863641,-1281.6021013002928,4290.555885522115
2014-07-12,1074.5393978047302,-1714.0486723814195,3777.066541191463
2014-07-13,1255.9010729821148,-1580.420678488236,3791.0547221278116
2014-07-14,1463.307114985918,-1259.5552236774063,4277.896014614268
2014-07-15,879.4597705849537,-1804.2931096297964,3754.932879872643
2014-07-18,1473.6361826454165,-1065.0181136882065,4180.459887408845
2014-07-19,1077.4313055117782,-1670.9342743412667,3802.2060248544103
2014-07-20,1262.289694397131,-1425.773431845336,4040.395720422759
2014-07-21,1473.6041771292973,-1365.0562033315664,4352.680522948508
2014-07-22,893.9383358020026,-1859.4422183381228,3512.061329879589
2014-07-23,30.058574093985726,-2730.399756206677,2847.0218523513868
2014-07-25,1500.7430521691613,-1157.3287364775365,3989.4436752774386
2014-07-26,1108.25224750414,-1689.7727180025236,3954.7966116885427
2014-07-27,1296.33884155566,-1406.4379278002825,3887.9141875806804
2014-07-28,1510.2818296909911,-1265.72678579303,4268.470928411374
2014-07-30,69.88595625700782,-2396.2623000446742,2927.231463698452
2014-08-01,1540.7572441576544,-1202.3661165608396,4218.615092966018
2014-08-02,1147.342721160943,-1355.0159016980742,4043.6012952149667
2014-08-03,1333.961911953104,-1367.678415712963,4014.520223588198
2014-08-04,1546.04604262359,-1139.736129079362,4166.592772528693
2014-08-05,966.2633700512848,-1797.4011601567843,3514.5109543695953
2014-08-06,101.55216038566732,-2608.7894412480823,2817.6968766638765
2014-08-08,1569.4417124334016,-1054.9342361771044,4300.466703839117
2014-08-09,1175.6412455959808,-1506.646156249875,3776.1937896418326
2014-08-11,1577.223221042818,-1026.5249175433212,4328.971365251418
2014-08-12,1001.261516256091,-1527.154469872903,3462.052314824855
2014-08-15,1628.2748955250056,-991.3066926957977,4180.159465571036
2014-08-16,1247.1141998308915,-1441.794479349092,4175.4881476407445
2014-08-17,1449.616207126245,-1384.9695780504153,4056.0776735441573
2014-08-19,1125.6615519214988,-1696.986496389456,3826.798105173184
2014-08-20,289.14659245313806,-2624.2509904571803,2899.2347878855003
2014-08-22,1826.1731462493617,-875.1703004663383,4831.1390073776465
2014-08-23,1473.0231471352329,-1205.5300599967939,4470.030883340609
2014-08-24,1704.6974667666288,-1183.5461434770068,4455.99867333935
2014-08-25,1966.4783807921854,-844.370601863267,4756.976154282969
2014-08-26,1440.7587216169193,-1337.4617916390846,4153.340408198916
2014-08-27,634.0717839693698,-1979.1053055047312,3205.512455301376
2014-08-29,2227.6292680645156,-512.0042007431633,5109.844215734077
2014-08-30,1900.0307750200566,-808.8271301659541,4768.235177047072
2014-08-31,2154.6815389148405,-746.4678689142412,4800.249992709332
2014-09-01,2436.3088027673193,-137.10223303066817,5268.854421041773
2014-09-02,1926.7799946579048,-712.632514904621,4567.1016969772845
2014-09-03,1132.1440080500465,-1692.808360443546,3808.4253004657003
2014-09-05,2735.7142963160554,13.490418730849314,5475.433938921294
2014-09-06,2405.405202963767,-357.0208187159619,5068.114830302559
2014-09-07,2651.876479120507,-40.68789952660829,5339.802175950848
2014-09-08,2919.7147395503475,203.4731681177665,5649.866324925394
2014-09-09,2390.734214477704,-438.1472850898327,5373.5948926275
2014-09-10,1571.0206024921752,-1077.5784937661945,4371.12116440805
2014-09-11,2809.61550154374,104.7753583029092,5298.7721906335155
2014-09-12,3108.1586628737514,195.10127708191294,5822.063911321999
2014-09-13,2737.0179520337024,-187.79781506892033,5368.271666766493
2014-09-14,2938.0710959227335,286.74162105197087,5751.82671435745
2014-09-15,3156.3713414235617,373.89637681969725,5724.041689916421
2014-09-16,2574.2705363135,-68.80022734616028,5394.000947113987
2014-09-17,1698.4548759571305,-979.9407764668621,4458.859831680553
2014-09-19,3117.1043839906743,328.7880581610707,5861.883737611461
2014-09-20,2685.006573087673,153.26912071101793,5373.270163744944
2014-09-21,2824.958108571067,136.05738575161337,5586.559527101104
2014-09-22,2982.776905337012,433.5824234495441,5669.826055383078
2014-09-23,2341.579330165712,-197.96684191019122,5102.612107903178
2014-09-24,1408.80489715964,-1389.4177573101856,4119.893654762856
2014-09-25,2534.880870539329,-65.66738575652312,5246.1419718097995
2014-09-26,2722.844362701032,21.009215595614805,5411.165116652303
2014-09-27,2244.4521555172505,-409.1681181696804,4905.843294575061
2014-09-28,2342.9426433628632,-326.99539251853577,5044.006509646744
2014-09-29,2464.682324263485,-168.69714122699057,5126.6219226070825
2014-09-30,1793.2706232465403,-861.93375972,4274.712560107263
2014-10-01,836.5585348428501,-1882.701611124535,3436.303634376419
2014-10-02,1945.3081958539942,-794.180115198671,4888.0613543528025
2014-10-03,2122.8109961327546,-579.2307051101873,4806.242382821598
2014-10-04,1640.9944596544333,-1113.8596003443388,4097.4255594781025
2014-10-05,1743.1822855813793,-995.4846621865744,4551.850025035154
2014-10-06,1875.7399560911858,-933.470945736886,4539.062936893271
2014-10-07,1222.1796672608634,-1621.3727066222782,3971.2696792329834
2014-10-08,290.180036003185,-2451.63476402859,3089.4583512688428
2014-10-09,1430.2476566165265,-1348.5765194169053,4095.292167106681
2014-10-10,1645.338074910888,-1063.848851976724,4380.452591779913
2014-10-11,1206.9663719299172,-1295.579310499426,3928.6528273385006
2014-10-12,1357.9717071114567,-1424.0286157908583,3938.4507966812066
2014-10-13,1544.1681886415345,-1349.1410848216753,4389.520686672844
2014-10-14,948.4557891958899,-1811.1355978213844,3772.793898753548
2014-10-15,77.84672246231389,-2559.814355032382,2727.801082367896
2014-10-16,1282.1343157423892,-1541.6387141519806,4177.363303559914
2014-10-17,1563.5219066582881,-1116.6048646192019,4325.286582499344
2014-10-18,1192.7419124340622,-1504.2067130293858,3917.6474117625444
2014-10-19,1411.829372793722,-1510.6459885582012,4208.0454242466285
2014-10-20,1665.7822770995867,-926.025859220562,4166.6178053541325
2014-10-21,1136.6823334180597,-1600.543387738543,4060.0685508122447
2014-10-22,330.73150868789185,-2408.2882418261247,3167.0029133305866
2014-10-24,1936.7221289283716,-871.4357016470099,4577.836621087703
2014-10-25,1620.1129760581439,-1072.5769772523922,4498.1198985174715
2014-10-26,1888.465283090406,-806.0536043151577,4695.532783326328
2014-10-27,2186.1634300544556,-373.1426831836817,5082.974102722541
2014-10-28,1694.7451968052371,-971.5372535250058,4417.2046421566765
2014-10-29,919.9474068943864,-1850.507570663034,3746.7375227739453
2014-10-31,2567.2404091817266,-87.63265976835905,5472.330672991618
2014-11-01,2260.314194496119,-457.8906098204932,5136.214859112951
2014-11-02,2530.899087937496,-130.68985566490633,5324.057018777026
2014-11-03,2823.4112844638967,112.25652457357869,5537.208539408806
2014-11-04,2319.5312183180586,-645.6948845174659,5213.216776869702
2014-11-05,1525.2492292936938,-1129.9897906547212,4273.7976910040525
2014-11-06,2789.551300439539,179.1455769653331,5617.856636204561
2014-11-07,3114.062035420673,532.9715717932045,5972.276445191962
2014-11-08,2769.174685461695,112.9689680737224,5377.230627397671
2014-11-09,2996.8322182145916,107.70850707023641,5643.242273977631
2014-11-10,3242.191470581409,413.81724310635303,5966.0342511441895
2014-11-11,2687.7438167442106,-129.55999796717242,5244.647731215602
2014-11-12,1840.347525737238,-1088.6198447348947,4840.591076820563
2014-11-14,3318.957881069907,636.9459272932323,6028.635016982486
2014-11-15,2918.8633425746425,152.9678138718427,5579.506369571717
2014-11-16,3092.493814242654,348.4700845979067,5901.895179815517
2014-11-17,3285.9145869049617,562.1735611601241,5950.296026807533
2014-11-18,2682.4798667966907,-61.89836458832249,5363.175308831856
2014-11-19,1789.8472591283091,-695.229388737917,4768.902931195148
2014-11-20,2958.631587234346,284.9436006154402,5684.209243627329
2014-11-21,3192.0158510768388,462.0579233222799,5829.551351134158
2014-11-22,2761.849804822443,201.79556966853147,5722.339881514461
2014-11-23,2911.4008357318307,43.942364725822586,5482.3917016957585
2014-11-24,3086.9898803747255,366.6050917647527,5880.014121584395
2014-11-25,2472.0864908648855,-143.56258530018835,5269.364994727491
2014-11-26,1574.318876927015,-1125.1445965061005,4146.232493720146
2014-11-27,2744.1263746971117,-65.09674276162296,5413.025722526239
2014-11-28,2984.372280198,123.71040692260047,5859.14276599856
2014-11-29,2566.447589550906,-46.030316008943494,5311.9667379273305
2014-11-30,2733.0303138644967,-16.088463871561743,5542.774215265042
2014-12-01,2929.7330114427396,145.91654411433467,5748.597100176984
2014-12-02,2339.2124806353618,-311.99965987329387,5142.252346641536
2014-12-03,1468.1971661169036,-1342.453810197207,4151.257253820919
2014-12-04,2666.159443740129,-29.521796534193292,5537.403450603649
2014-12-05,2934.9502828291393,193.00750310465287,5871.820217248256
2014-12-06,2544.9263892299314,-145.54185082176883,5442.915579480205
2014-12-07,2737.7339803903733,-80.79210492553915,5511.360582404259
2014-12-08,2957.981280870889,281.8415962077775,5674.153386986555
2014-12-09,2387.373094039136,-452.94509479191447,5209.148941384081
2014-12-10,1531.7624247885674,-1283.3762018626812,4177.164982679288
2014-12-12,3012.818381876771,175.40726688950534,5812.40379016469
2014-12-13,2620.520981320782,-120.56345211060558,5235.720210216287
2014-12-14,2804.238314621707,184.89642943972896,5558.9742206829615
2014-12-15,3008.3844397312923,268.2580623357073,5895.103240485528
2014-12-16,2414.645766223839,-433.57800546637054,5091.887299484678
2014-12-17,1529.0371758261997,-1216.3936136377174,4318.923054360723
2014-12-19,2931.0408509555,-28.056593928763238,5661.885611286794
2014-12-20,2490.894396765496,-340.3409109768129,4979.026660059616
2014-12-21,2622.284562788508,-135.09228668002433,5531.372106956915
2014-12-22,2770.6052839120543,80.73473133828541,5519.99027593932
2014-12-23,2118.6405424545155,-512.9600857090285,4649.748370624884
2014-12-24,1173.5966453773167,-1407.8010775727535,3805.5779979921667
2014-12-26,2458.174992797819,-440.43581614770494,5187.937452163417
2014-12-27,1962.640681168923,-640.4898178434869,4836.854159332501
2014-12-28,2042.5765633889205,-585.6255572191815,4695.833681400395
2014-12-29,2144.604229188025,-453.65658619127606,5054.341392224333
2014-12-30,1452.6504323318254,-1447.6901956157942,4213.46083618173
2014-12-31,474.9502872464386,-2163.430901052518,3093.9010854869584
2015-01-02,1719.6015797852501,-986.746225631469,4447.199612452805
2015-01-03,1218.0574576898075,-1434.9008115561383,4069.8206409763984
2015-01-04,1301.8015495781754,-1450.1044441191955,4139.13269117081
2015-01-05,1417.5783313886109,-1241.4243935366912,4197.992617368121
2015-01-06,749.2172596889453,-2079.8303452594278,3486.924395855637
2015-01-09,1141.7357505420127,-1771.9674871914917,4085.085622361474
2015-01-10,697.8370565299468,-2091.579457454442,3245.3273130747093
2015-01-12,1029.9285141079713,-1731.112830495567,3836.6322877748426
2015-01-13,433.82998995562,-2235.2448400318954,2984.324943589673
2015-01-17,676.2823053368031,-2106.3121353206857,3481.1696848032957
2015-01-19,1136.6082880202691,-1557.3049434059535,3671.3731480606007
2015-01-23,1321.7625734623937,-1242.2842651283768,3940.8844678440414
2015-01-24,966.2751440865374,-1668.3494438202576,3831.272584352886
2015-01-26,1429.4552968384135,-1389.2609424996108,4219.005653983422
2015-01-27,873.462382222939,-1805.1776656530442,3530.432023310344
2015-01-28,25.258388553445684,-2809.144296262917,2730.3147783685226
2015-01-30,1500.2735830397176,-1208.9868525695244,4370.860336394624
2015-01-31,1095.5294899772884,-1934.0405960492042,3816.4152573146234
2015-02-03,825.3219041643463,-1950.1443108508224,3639.9907473526405
2015-02-06,1263.978172281156,-1421.8638852747051,3936.7329236359196
2015-02-07,801.9992224197135,-1802.1852392397088,3499.635136227568
2015-02-08,916.2597926098935,-1842.650656793328,3693.6787101808977
2015-02-09,1053.7037366290647,-1724.9712418642234,3793.8834376137634
2015-02-10,398.5753200325355,-2381.4350302314388,3316.415982998129
2015-02-14,331.0158518679291,-2532.6141264418025,3077.360084306044
2015-02-15,462.5679355564423,-2166.3792590590183,3386.37946277481
2015-02-16,628.8654581195165,-2057.765861885311,3438.9179018047457
2015-02-18,-874.723182202388,-3626.182807199323,1879.6625832591826
2015-02-20,582.5738967210798,-2169.0359796541975,3207.126198177817
2015-02-21,202.5529824240714,-2737.289609937638,2924.136390032023
2015-02-22,416.27741329967694,-2292.1196584528443,3216.2867608623355
2015-02-23,668.9883813521402,-1961.5244597965034,3274.406660584483
2015-02-25,-655.9861373760484,-3389.1473185636223,2123.744806792151
2015-02-27,975.6744084524465,-1799.920827949367,3733.254256493976
2015-02-28,676.8149042574225,-1905.814221872125,3484.6252712556075
2015-03-01,965.471266747735,-1694.4701176661765,3801.545328821482
2015-03-02,1285.379189045689,-1226.3116325640938,4005.689157110089
2015-03-05,1380.428518039024,-1445.126854461944,3971.588919378218
2015-03-06,1759.7731619077467,-1048.6208141988736,4517.088462508843
2015-03-07,1473.5723408434437,-1297.6118100452723,4188.189954958713
2015-03-08,1762.4450457566859,-1157.7095831064166,4484.186322515934
2015-03-09,2070.212338682896,-592.7626662564181,4932.536086086138
2015-03-10,1578.0450264209073,-1279.5720765168537,4404.998388498332
2015-03-12,2059.3232063045702,-783.5352994297423,5023.457902659656
2015-03-13,2382.881481416577,-359.46936728964863,5021.911165161148
2015-03-14,2032.5109375499674,-698.5989342074464,4594.574464922419
2015-03-15,2250.188008807884,-406.9732688697423,4928.702962245663
2015-03-16,2481.2101274883466,-30.188751966335325,5357.865890955088
2015-03-17,1908.308142127692,-899.650347170345,4653.290321656519
2015-03-19,2222.5866629919265,-519.1643405333276,4935.401977033718
2015-03-20,2463.0871223714767,-235.4792801409232,5207.522619452386
2015-03-21,2032.011551393332,-825.8815693893355,4682.068330413487
2015-03-22,2172.7789623530466,-584.2620772331671,4803.710405110708
2015-03-23,2331.984009656112,-321.9790028797809,5050.196720873944
2015-03-24,1693.512416401818,-1114.104643216016,4424.907776565485
2015-03-26,1899.122823569178,-724.8700813363049,4723.395506488627
2015-03-27,2097.8957129754635,-552.4232785884717,4929.689829441706
2015-03-28,1634.0618922476922,-1370.1405935335558,4085.9783828021436
2015-03-29,1751.1868089209045,-1067.504579381971,4681.993729361087
2015-03-30,1895.820214333615,-966.7765847166187,4724.837721752793
2015-03-31,1251.590319562135,-1454.73473031185,4073.8161959504178
2015-04-02,1470.1636059141617,-1345.5884597089657,4224.627367872308
2015-04-04,1245.8470731994144,-1490.2998083532057,3921.414080482729
2015-04-05,1391.4692229046827,-1403.0931448584354,4275.902111602
2015-04-06,1568.6180711491022,-1159.987777184288,4340.001922375025
2015-04-07,959.8142022734431,-1869.9986748268886,3772.951670246481
2015-04-09,1253.513610541629,-1392.0000205884564,3848.5270779012626
2015-04-10,1507.1623457180983,-1332.7936220581864,4228.37122913778
2015-04-11,1102.9368429813587,-1627.1826617558488,3839.7569135995427
2015-04-12,1282.5178461064284,-1254.5538078510635,3897.0726087337566
2015-04-13,1490.6143120904585,-1155.2145512783256,4290.119437761875
2015-04-14,909.1034635130895,-1964.4771369765806,3661.0562689376798
2015-04-16,1244.5754214596018,-1459.5216474874771,3983.2659669924615
2015-04-17,1512.1604479516163,-1348.0039556665922,4075.2866757792603
2015-04-18,1117.1332100221396,-1540.4341667826486,3825.7635424921496
2015-04-19,1301.2838513517274,-1457.616748412958,3975.098202197229
2015-04-20,1509.5712934971589,-1090.7215289195133,4254.5181454529775
2015-04-21,924.2508503096468,-1728.099822737431,3731.8074105175215
2015-04-22,51.912748025992414,-2741.1175324506594,2808.530808634376
2015-04-24,1497.2317551663382,-1235.030589995626,4221.186082759195
2015-04-25,1088.1362158878983,-1692.2533436475067,3776.3034808424763
2015-04-26,1257.4009771060475,-1419.7974675790572,3944.797009159508
2015-04-27,1450.7298736342589,-1171.7843312785249,4170.053516675971
2015-04-28,851.1063562701319,-1925.1769587620481,3743.1399045743597
2015-04-29,-34.189562249404844,-2757.04162429005,2578.5370474159936
2015-04-30,1145.0750025417208,-1656.8187586547035,3854.2353608353033
2015-05-01,1391.6994321451928,-1517.2725593626042,4044.6435051830986
2015-05-02,977.1511538697107,-1598.3247429994062,3736.27039997991
2015-05-03,1144.319896102871,-1593.2531299473133,3821.943168707386
2015-05-04,1339.1574529750114,-1289.0845285081364,3997.8625854166708
2015-05-07,1060.3552850139833,-1615.389030212558,4026.3458044009085
2015-05-08,1323.014781242173,-1546.4991582676698,3871.156522011609
2015-05-09,927.5842692768372,-1781.3335734697641,3678.472278751431
2015-05-10,1116.529214661067,-1576.7650370425247,4030.302178000817
2015-05-11,1335.2954008909492,-1510.9633158572483,4111.477922793808
2015-05-12,766.423821602578,-1790.3801790932123,3675.4190722095464
2015-05-13,-83.41734990675809,-2852.0951745312545,2717.17320250746
2015-05-14,1135.2431669089767,-1605.1684408241308,3843.0291684367703
2015-05-15,1424.316950098309,-1385.9916923088433,4263.800984608811
2015-05-16,1054.2841917961894,-1571.123511586314,3577.7062493688527
2015-05-17,1266.9771052582764,-1319.458779752141,3947.2402469664635
2015-05-18,1507.2503563685655,-1152.0423041880363,4222.988325389331
2015-05-20,122.76820850775357,-2666.3293898554957,2980.016084467008
2015-05-21,1353.313216039189,-1444.4339580919436,4053.3183438191177
2015-05-22,1650.3733396149923,-1087.2029527274356,4361.852449583967
2015-05-23,1284.242895241293,-1276.493208246402,3933.736392746992
2015-05-24,1496.6709520786146,-1263.6252440553956,4123.6101357644775
2015-05-25,1732.532449175524,-1076.1513300732006,4471.822543738636
2015-05-26,1173.9567299939465,-1473.6244995926859,3786.739599231313
2015-05-28,1542.1681758686284,-1096.729612586164,4225.174233805866
2015-05-29,1820.368174756079,-1021.2800453336803,4466.678636693568
2015-05-30,1432.716351104702,-1460.8093669954508,4262.161267191942
2015-05-31,1621.469563198608,-1067.8052578587988,4433.756515844927
2015-06-01,1832.0504057669232,-1001.2306468644041,4783.342497673051
2015-06-04,1561.9638213265914,-1185.6165120683831,4212.152453539962
2015-06-05,1814.1999545441324,-894.2903742846323,4516.325356376406
2015-06-07,1567.4421683138135,-1282.7325561517607,4181.506627550962
2015-06-08,1757.0159756569706,-1017.762400337537,4462.976138351904
2015-06-09,1153.5543837375376,-1455.4582318941073,3696.830008517006
2015-06-11,1439.5418642588925,-1343.8276334229256,4080.7139672619955
2015-06-12,1681.8477502421356,-997.4526901219949,4602.358289373461
2015-06-13,1262.5609501295694,-1586.192751792047,4054.991992408525
2015-06-14,1424.3702198960546,-1203.1112264883343,4201.246857480964
2015-06-15,1612.9988633936757,-971.3545753245548,4295.350707540774
2015-06-16,1011.315579565596,-1586.9733546387893,3776.4618606163917
2015-06-18,1308.018685253289,-1457.7038083228401,3939.4916800995793
2015-06-19,1558.6427705694996,-1080.6039052983224,4218.879129382731
2015-06-20,1149.1810758491533,-1495.621927048634,4079.336148340996
2015-06-21,1321.9490484908692,-1187.3235487100537,4187.983380590189
2015-06-22,1522.2919332095576,-1422.86228382169,4373.979914885159
2015-06-23,932.7068553067421,-1786.4447389937557,3586.7440517103078
2015-06-25,1253.441732789409,-1371.7288763284137,4024.2803295496915
2015-06-26,1515.3413033731347,-1086.2843102947838,4271.1338291337515
2015-06-28,1298.4690789875715,-1516.108586811346,4091.4831252350345
2015-06-29,1507.0019938391333,-1256.2427664090924,4250.710937912211
2015-07-02,1254.724612201073,-1539.83720035198,4104.685914994042
2015-07-03,1519.5064690518266,-919.5085541627287,4348.871762070183
2015-07-04,1122.1682599660928,-1431.1411850370666,3847.896865439318
2015-07-05,1304.954841480485,-1472.7814324616681,3885.9889287544074
2015-07-06,1513.2221444219315,-1280.253536488834,4439.817458464085
2015-07-08,60.78824748609486,-2701.955834720601,2799.231580058652
2015-07-09,1256.692306182827,-1463.9897218374645,3865.8042696836246
2015-07-10,1519.5839381243322,-1114.2967437325906,4051.870717553457
2015-07-11,1120.4493282134226,-1683.8592674014467,3899.077945616296
2015-07-12,1301.7098039363202,-1287.09496097468,4019.8162683020632
2015-07-13,1508.874053836258,-1206.5759861932097,4330.5229504844
2015-07-14,924.6490714176894,-1850.3516517959918,3619.204901053209
2015-07-16,1252.643732626498,-1564.2561981241295,4152.528365167693
2015-07-17,1517.0209117762906,-1244.5269489205837,4357.839166562996
2015-07-18,1120.0649801270129,-1650.5021207276623,3800.6002692898883
2015-07-19,1304.1443273415302,-1435.066682417934,3932.2292636762295
2015-07-20,1514.6829663714257,-1263.6971668081082,4040.8636405931725
2015-07-23,1270.6841689099153,-1501.6103474359606,3845.8414171680934
2015-07-24,1539.3487723747942,-1046.5841797184487,4267.268752685247
2015-07-25,1146.5210433342743,-1576.2415724500813,3861.4721756246886
2015-07-26,1334.4153984070422,-1174.1019197850521,4031.4739393034793
2015-07-27,1548.315359442757,-1046.1371644910014,4235.606392084019
2015-07-30,1310.6185689217814,-1344.4562885631324,4155.138535195119
2015-07-31,1579.9254856398475,-1328.4678899664825,4288.026322648976
2015-08-01,1187.0053193159101,-1341.8417209932002,3992.4336849790393
2015-08-02,1374.130919381203,-1448.7792265121807,4050.83862209506
2015-08-05,142.8244867708263,-2676.023994303296,2985.307285842609
2015-08-06,1343.1168799367063,-1410.1115805001498,4067.3168686771737
2015-08-07,1610.5664869131745,-1003.1241691688709,4509.474807110505
2015-08-08,1216.2656205970097,-1386.1264433257418,4070.3751553737543
2015-08-09,1402.770164825387,-988.9954316799469,4128.889387939657
2015-08-10,1615.7542192661017,-1340.410763072717,4478.456114071677
2015-08-11,1038.1222454587646,-1755.3648769415568,3693.912498192689
2015-08-13,1382.5701688277004,-1320.8754871629123,4128.405086168111
2015-08-15,1272.6619217351013,-1372.268129476836,3933.5126097511284
2015-08-16,1471.306060717773,-1272.9922554790141,4191.099992948867
2015-08-17,1698.9253194636833,-934.4899225821354,4549.893962855427
2015-08-21,1823.5034103127214,-850.0294997078083,4554.656143198203
2015-08-22,1464.9510103614157,-1163.3803489387835,4374.840414086682
2015-08-23,1691.2526824333004,-1016.3134254765126,4596.428964447343
2015-08-24,1947.7932397161137,-690.5350165821468,4728.6081441512
2015-08-25,1417.0716722992504,-1289.7511306187107,4287.214510305924
2015-08-27,1863.2185313200778,-817.5293367838004,4699.277402700862
2015-08-28,2191.4377587032836,-506.3709423158988,4928.518662719722
2015-08-29,1860.8491678421574,-936.7496622493726,4458.286689230872
2015-08-31,2393.470737688378,-402.25321088392997,5286.8817791584315
2015-09-01,1883.4286563678543,-722.2926159376251,4627.7403233658715
2015-09-03,2359.8561308601957,-412.1235033160344,5126.3436590307
2015-09-04,2696.7342133515085,149.97443514895392,5618.247377041815
2015-09-05,2369.9471653683486,-406.01678628888504,5230.768538863382
2015-09-06,2620.9798166876885,-88.54029785971234,5257.646838097705
2015-09-07,2894.397770864546,110.77698476262776,5711.102262690416
2015-09-08,2371.97752454325,-546.3578396906721,4976.18064445292
2015-09-10,2806.689483878913,295.5574256619403,5488.534007713496
2015-09-11,3114.349342651184,452.69958891982725,5960.412307016679
2015-09-12,2753.0007950936633,17.13872953582063,5503.47525286916
2015-09-13,2964.4123727158476,285.58409370533093,5712.644578082545
2015-09-14,3193.5180106817925,289.76440353849875,5867.175107465486
2015-09-15,2622.541960826293,-218.67264191326026,5370.493878948202
2015-09-16,1758.0364876435535,-953.9329789041805,4501.639462870948
2015-09-17,2949.559209450267,49.480991607532886,5766.201501685984
2015-09-18,3199.307477690918,210.51102381495977,5851.157703250604
2015-09-19,2778.239846920197,47.40810435884314,5629.838181842886
2015-09-20,2928.848880724825,258.5886079667043,5798.842975624488
2015-09-21,3096.8175899055987,204.4060686493941,5731.598307993272
2015-09-22,2465.1331811307546,-402.7700481143136,5465.064906381662
2015-09-24,2675.073366363801,-16.409842371523002,5357.689890403393
2015-09-25,2869.9479343997737,160.40979618391043,5517.84947075256
2015-09-26,2397.4040206370205,-269.4700779983674,5043.494067977577
2015-09-27,2500.6030591875865,19.24424380105122,5527.418499261069
2015-09-28,2625.8485416157077,-282.36939443423336,5487.51570641175
2015-10-01,2109.3686862205777,-580.8494401238688,4838.774298628307
2015-10-02,2285.237061083063,-279.08570018508004,5182.049519978399
2015-10-03,1800.4967397067971,-1025.627393408442,4538.957447553575
2015-10-04,1898.501000755553,-745.2058375207897,4554.5854664844655
2015-10-05,2025.840637463209,-603.666080601877,4786.3372942706965
2015-10-08,1558.0688404044108,-1024.8365646520097,4358.5720769698355
2015-10-09,1763.8127202013504,-890.3061783392811,4571.492674049018
2015-10-10,1315.3088629286149,-1332.1556613170935,3966.6150785826962
2015-10-11,1455.5168625234542,-1179.0064341911573,4146.210077561439
2015-10-12,1630.380017003763,-1235.6728341730536,4415.472308305335
2015-10-13,1022.9348284829667,-1605.117586272741,3636.641730052309
2015-10-15,1332.5229970572882,-1288.0409010139447,4103.367882602824
2015-10-16,1601.8486367124128,-1049.7332808181416,4251.758537440931
2015-10-17,1219.1949871661793,-1329.3594795928038,3892.3534317963804
2015-10-18,1426.7457679094553,-1104.7975268084822,3910.369041783568
2015-10-19,1669.6446514078077,-1046.1085250444137,4542.584522171982
2015-10-20,1130.1141121053215,-1624.4466611178048,4198.808927179654
2015-10-22,1571.8991085606713,-1189.7588226477776,4277.591752845472
2015-10-23,1903.896287764865,-697.2070831361269,4655.613515079692
2015-10-24,1580.5926629591959,-1137.8196158877686,4458.29292476488
2015-10-25,1843.4376588205434,-930.8252957515795,4452.1329077167165
2015-10-26,2136.8879273585267,-933.1272181721446,4798.151982178817
2015-10-28,866.1567657062961,-2026.5995927548902,3370.897132637635
2015-10-29,2156.390012455696,-605.1354028600728,4961.297281294973
2015-10-30,2514.390583827175,-232.20469494045713,5261.093038341334
2015-10-31,2209.9617540123854,-593.9471382203407,4736.076504999158
2015-11-01,2484.3444047042935,-299.18122436294914,5091.16441071618
2015-11-02,2781.8911683364195,46.65110097186639,5467.28092155029
2015-11-03,2284.199302863959,-337.46903615624893,4790.648663841926
2015-11-05,2769.632205704915,-54.974520622414644,5451.655380582624
2015-11-06,3103.113872985934,356.2427368703533,5962.145647619744
2015-11-07,2767.8475128954515,142.53621186401108,5327.542483576568
2015-11-08,3005.6169423883975,353.8267977250402,5586.43046453019
2015-11-09,3261.4114810359642,399.4165182347163,5750.460691557532
2015-11-10,2717.5495728757105,10.108298316587481,5422.093899536926
2015-11-11,1880.7143032409529,-998.3637176459189,4467.144957948165
2015-11-12,3100.6276006286516,546.1861720088381,5951.080453118981
2015-11-13,3379.680458360542,414.49307929107454,6253.600878185936
2015-11-14,2989.0491904958626,352.46955618616033,5595.786877486045
2015-11-15,3171.461953959775,461.1895347141438,6093.958618828063
2015-11-16,3372.847850047037,753.7544276046891,6210.505469154793
2015-11-17,2776.442334310063,-10.257588770515804,5535.740924163438
2015-11-19,3063.4729074503553,37.5060260213661,5792.005490210456
2015-11-20,3300.755641891807,589.701007739778,5767.7901348527785
2015-11-21,2873.3003619796673,248.16802425488183,5412.651679478427
2015-11-22,3024.375752333299,171.19742249627086,5614.646965074743
2015-11-23,3200.3313082623013,395.2134777570664,5846.596020550755
2015-11-24,2584.6921679639977,-172.4651325526074,5412.29752057179
2015-11-25,1685.1683063467772,-960.8401821732732,4503.867268024093
2015-11-26,2852.3055409987646,195.7936123874541,5477.509861302811
2015-11-27,3089.096302769061,263.74120726286884,5973.530186514533
2015-11-28,2667.080742477174,-160.27955708576508,5476.559155724004
2015-11-29,2829.102886236983,236.37989705529776,5635.860307206309
2015-11-30,3020.954540597517,364.7398935886948,5598.16137254716
2015-12-01,2425.4809588979406,-378.39573589664843,5028.445955789219
2015-12-03,2742.9894828107563,116.32475702517785,5333.140128549263
2015-12-04,3007.6779232537433,437.60842228360485,5718.627372298106
2015-12-05,2614.2062724855286,-222.48888800261648,5464.353205952928
2015-12-06,2804.387496200411,51.03044294934214,5625.725768533705
2015-12-07,3022.9786526830803,231.33097482274462,5630.832673298995
2015-12-08,2451.8114504660716,-116.59401002715775,5185.862246164466
2015-12-09,1596.8402924378174,-1321.3031586216127,4209.380179894167
2015-12-10,2806.834427965953,23.936979096545823,5612.551708727114
2015-12-11,3083.0312555283,436.8012143378663,5807.360869334075
2015-12-12,2695.2803766476727,136.8271499595614,5490.872196909006
2015-12-13,2884.8421041322845,263.34394410250934,5798.043606219741
2015-12-14,3096.072101766843,284.56223465380964,5850.176423240032
2015-12-15,2510.565153096911,-315.15016741634696,5367.728669506218
2015-12-16,1634.2127393723779,-1237.6129003774145,4411.265723528918
2015-12-17,2815.900728312828,36.77982785637027,5516.878140048666
2015-12-18,3057.1639870787094,284.0847309737331,5719.225651280549
2015-12-19,2628.3273898980697,-174.1723667742261,5543.231305336533
2015-12-20,2771.296897690347,-7.786568162204425,5411.947881681025
2015-12-21,2931.2324691907047,329.4865084677584,5634.455028120967
2015-12-22,2290.6759919814785,-250.37929573771527,4910.214259117176
2015-12-23,1356.5892106647505,-1313.453711122941,4147.24858843684
2015-12-24,2479.0283522749573,-366.07862734625496,5005.196241214511
2015-12-25,2660.7727543151523,-126.97662313062143,5699.356106851257
2015-12-26,2173.4375411326087,-537.1639428064219,4879.081364592039
2015-12-27,2260.2346718091458,-433.0988875805653,5140.589819313604
2015-12-28,2367.6148206595353,-366.81513574187693,5142.226377135169
2015-12-29,1679.364019569545,-999.8908566949915,4432.672017385271
2015-12-30,703.6108015923337,-2002.0399609221708,3529.65408003521
2015-12-31,1791.6271251173875,-1109.7738366431988,4478.618244872444
2016-01-02,1441.9971346306165,-1285.0843009597631,4196.883506541743
2016-01-03,1520.5301910981952,-1054.8962150728698,4338.275358485816
2016-01-04,1629.3998482178915,-1229.5043388176498,4320.967744123713
2016-01-05,952.5692034610197,-1759.2380188893758,3558.5461444895122
2016-01-07,1116.9192834325224,-1737.0498276654903,3995.7894921543902
2016-01-08,1312.1739331859155,-1433.3140697765289,4111.2419488497635
2016-01-09,855.5752309019194,-1968.6409938782774,3553.6310463655936
2016-01-10,990.0269673914743,-1914.7704281812562,3734.0978542405437
2016-01-11,1161.2927255950763,-1688.1643601830121,3759.764372666938
2016-01-14,861.9018034940248,-1866.5446065572644,3681.3325718209085
2016-01-15,1131.9642387177082,-1484.9470312005276,3748.529120588365
2016-01-16,749.4820908977299,-1919.624183091639,3400.7664459920725
2016-01-17,955.7942974003838,-1791.9852623499307,3663.5631364223286
2016-01-21,1063.4146523657414,-1517.9543993060297,3759.084270427603
2016-01-22,1373.2305625269112,-1244.2773733130377,4030.7941964126835
2016-01-23,1020.9082693852274,-1517.4917506777388,3541.210310125873
2016-01-24,1247.1894213840462,-1385.730955443223,3954.372573007586
2016-01-25,1495.9529423936,-1432.4182539728693,4131.33961792782
2016-01-28,1329.3176735451489,-1553.8235775075073,3985.8259188034435
2016-01-30,1215.4035400849107,-1655.9462597654872,4022.0332858932443
2016-01-31,1394.1228309377152,-1319.2164685284156,3824.7180344327876
2016-02-01,1589.0481670819454,-1097.5780118254672,4280.998342892235
2016-02-02,982.7776963272673,-1626.8963601661314,3663.559412367266
2016-02-03,82.39277138857642,-2552.361914524289,2912.698335393211
2016-02-04,1238.125922965503,-1598.5057552219478,4218.912240144738
2016-02-05,1452.9814783559393,-1213.8509044202685,4303.496925024049
2016-02-06,998.8391232566931,-1792.8815815020143,3707.4537771719274
2016-02-07,1119.2050084574375,-1507.3586659948542,3909.350925465047
2016-02-08,1260.843159359818,-1472.4124875250673,4096.029266906203
2016-02-09,607.8614237102867,-2046.7172232039898,3398.158462786146
2016-02-11,794.8063304681124,-2005.6079557709681,3297.08759588326
2016-02-12,990.1466261608894,-1823.1881798482914,3822.1498604539865
2016-02-13,527.3651448561336,-2190.2500177543075,3282.6307601827484
2016-02-14,650.4763142801859,-2088.1404973920703,3342.5406855269043
2016-02-15,806.4909942701104,-1855.793335358504,3613.5679056414738
2016-02-16,179.49542022655078,-2655.230106100669,3094.93326573052
2016-02-19,705.1841254958427,-2053.472287974228,3402.0886299828635
2016-02-20,309.3507640984926,-2537.5058299786115,2907.617363318778
2016-02-21,507.1767760368564,-2203.257954003811,3523.8602033867196
2016-02-22,744.1437285143462,-2143.5588086804846,3662.595004439653
2016-02-23,202.756169535671,-2506.099780549909,2999.496779305843
2016-02-25,653.4029407795781,-2284.4876181094774,3375.6036767689075
2016-02-27,686.8122687277457,-2138.5484611550282,3341.6454845471603
2016-02-28,967.1055213712251,-1828.554170114732,3825.871898735353
2016-02-29,1280.7086867180972,-1651.8953223944402,3864.1324854171594
2016-03-01,808.5844363525522,-1901.0190566581318,3582.133111294326
2016-03-03,1370.290713205739,-1287.1755745137023,4079.0354920430027
2016-03-04,1752.4212058297462,-1208.7782439942562,4411.974538459401
2016-03-05,1471.2522113484654,-1467.1834998665756,4058.665152600825
2016-03-06,1767.2975242102575,-971.0065506835464,4518.884838998257
2016-03-07,2084.229767432019,-423.85050546411,4853.130795105248
2016-03-08,1603.031985639633,-1196.3778781990238,4156.488098016806
2016-03-09,829.060429483957,-1942.5856563138334,3737.9891913433353
2016-03-10,2110.744783247201,-590.5528093117287,4830.958314404546
2016-03-11,2449.242686622803,-155.28994210901746,5229.054400084469
2016-03-12,2114.578144250214,-567.2881337738895,4910.886054300506
2016-03-13,2348.427703872616,-564.5409498176917,5156.877789063018
2016-03-14,2595.7864389471206,-164.49182914586697,5116.739276093049
2016-03-15,2039.0872638080816,-685.5914685118531,4771.6316361446325
2016-03-17,2384.2399701003624,-423.66579942987426,5285.398247147907
2016-03-18,2638.8959360201434,-217.51159984048974,5454.2646672321325
2016-03-19,2220.8211237574933,-646.4424468331663,4793.1770767316075
2016-03-20,2373.238876559045,-452.8786238242418,4953.979042417302
2016-03-21,2542.6037701772543,-307.1001224112987,5351.00612898884
2016-03-22,1912.6898670315882,-663.910390186207,4577.423162850563
2016-03-24,2130.36183018963,-859.1222744013888,4992.221805277318
2016-03-25,2332.6149501408845,-372.3544885848621,5061.274825262764
2016-03-26,1870.6099079428216,-721.0500317545093,4574.473146306768
2016-03-27,1987.9941925056196,-605.9695701620968,4591.486905653881
2016-03-28,2131.4321782422694,-736.930243772542,4894.085283641323
2016-03-29,1484.6953317474984,-1205.5111301678123,4190.821392317538
2016-03-30,555.6697478846229,-2219.3331622650744,3246.442133248106
2016-03-31,1695.0084747169544,-1190.1687382671846,4610.344549680044
2016-04-01,1905.7464840076839,-1154.608956547162,4678.084778873885
2016-04-02,1459.4086619284271,-1377.5132892773725,4240.464618688043
2016-04-03,1598.7752411481622,-1241.60159726478,4423.196237348831
2016-04-04,1769.5369996270965,-974.0561175309829,4539.894306618394
2016-04-05,1154.4137895391568,-1541.1573467954343,3925.7720641703786
2016-04-06,260.2387768132139,-2452.554553898502,2964.763543150561
2016-04-07,1436.4989238978176,-1337.7861042828358,4133.774403007656
2016-04-08,1685.121070768597,-845.6276195416442,4643.572114905444
2016-04-09,1276.5609547601061,-1717.4427284982298,3966.0827987534285
2016-04-10,1452.5950213330937,-1265.6738954888826,4427.5339626314235
2016-04-12,1074.6895921601777,-1565.0702170153536,3726.1128989273416
2016-04-13,208.77390626970987,-2574.7741333432955,2794.227259209638
2016-04-14,1409.249687596521,-1394.0787425519638,4141.412805783739
2016-04-15,1677.6564203588764,-1034.4408914254402,4308.974151105895
2016-04-16,1284.2168293468437,-1331.6028132299061,4234.532569352566
2016-04-17,1470.6291249554083,-1335.262774256411,4107.874292747203
2016-04-18,1681.742247435518,-1106.0419565977356,4401.868469485657
2016-04-19,1099.68731749367,-1553.121935117217,3964.200536084537
2016-04-21,1424.9025046256336,-1252.8934447922315,4026.1779325149214
2016-04-22,1683.736496193271,-924.6754579619609,4583.305456913113
2016-04-23,1278.2870104735644,-1582.4222611417342,4125.671655923287
2016-04-24,1450.9516129066574,-1177.64872535214,4047.672618837638
2016-04-25,1647.3132505550607,-981.0874520151693,4385.777576428175
2016-04-26,1050.2486443391347,-1827.5747179993778,3630.665114834991
2016-04-28,1347.5744360960227,-1307.7511186600423,4131.3397026897655
2016-04-30,1180.29908230507,-1647.699764829037,3997.131952410575
2016-05-01,1346.7238718407348,-1167.3360813325871,4346.2797140637285
2016-05-02,1540.1225454062537,-1140.5622518218206,4368.569853228926
2016-05-03,943.6485815998743,-1888.2599648620944,3566.7613106568524
2016-05-05,1253.335218619038,-1449.8120856794565,4074.324839329578
2016-05-06,1512.3687218051534,-1075.9537148939594,4267.039724457923
2016-05-07,1112.9979600474853,-1665.0405369197413,3801.2694477548125
2016-05-08,1297.8051259177191,-1510.7291964137899,4025.465786149426
2016-05-09,1512.3589043050124,-1193.834170498055,4054.2156127108556
2016-05-10,939.325823053354,-2019.3889449148842,3813.9899848755967
2016-05-11,85.49866713767938,-2626.45481409712,2778.4327250303104
2016-05-12,1300.4689373694823,-1586.1171314131416,3979.150303300477
2016-05-14,1213.4561584424498,-1421.3087443627428,3878.0923438308278
2016-05-15,1423.9758542945938,-1253.077096998879,4163.021405164714
2016-05-16,1662.7473933972697,-1287.9849381692954,4158.017889965904
2016-05-17,1111.834105031061,-1566.532249592488,3702.04680350041
2016-05-18,277.479730141207,-2818.100437030281,3029.4830348169066
2016-05-19,1508.7953121056657,-1208.150734157584,4376.656056172293
2016-05-20,1807.4053748515128,-907.4618973840346,4539.752516677217
2016-05-21,1443.583057450423,-1225.9594399096038,4257.498576467142
2016-05-22,1659.0379334201812,-1021.6232853328768,4259.35912007417
2016-05-23,1898.588550133508,-793.6120452809638,4736.186448656685
2016-05-24,1344.2927490186191,-1476.8767871946936,4164.22172146396
2016-05-25,502.4908361952341,-2228.3545625553443,3200.1060432927934
2016-05-26,1722.4882392914897,-1148.2557533944703,4481.818828572516
2016-05-27,2006.194858824725,-615.0069713498435,4767.2666498299795
2016-05-28,1624.2510126316024,-1065.3105930212162,4357.268281718925
2016-05-29,1818.8040993947777,-802.1715435717776,4471.602192198251
2016-05-30,2035.1681973458208,-799.8104618818641,4893.701236926123
2016-05-31,1455.940236879108,-1260.156345968098,4053.138134771627
2016-06-02,1781.3181194766364,-1042.0170519523363,4380.400716882259
2016-06-03,2038.2984954427723,-582.5945825617536,4653.093310587044
2016-06-04,1630.1708492863077,-1076.3945608910471,4213.4818698790705
2016-06-05,1799.6125599905606,-727.4345574491444,4408.547421735816
2016-06-06,1992.4236066895435,-898.1537777805344,4496.497838667279
2016-06-07,1391.6315075539708,-1331.025849352466,4101.7541587239075
2016-06-09,1681.2394170986925,-870.9683899919894,4398.585548933896
2016-06-10,1924.524630769225,-718.5334997433235,4670.1422462783285
2016-06-11,1505.704194716747,-1161.829545492543,4296.670845861943
2016-06-12,1667.512016184752,-1049.6545242574578,4362.949310849146
2016-06-13,1855.726024626891,-967.4560653082217,4717.296046001842
2016-06-14,1253.2770430498585,-1574.4031349742793,3953.6457097960474
2016-06-15,367.2734589157749,-2259.4076050813323,3129.5936832907605
2016-06-16,1547.6687743505695,-1216.3171103815205,4230.701842833791
2016-06-17,1796.8895618102881,-1188.0464503334779,4719.184811324262
2016-06-18,1385.9539263851061,-1154.8544420844164,4215.771499953839
2016-06-19,1557.244685722883,-990.6791806901272,4460.495553441567
2016-06-20,1756.169450948663,-905.243830119493,4440.259244482007
2016-06-21,1165.2811012611228,-1422.087202220215,3958.2730846531326
2016-06-23,1483.8613454734675,-1006.8848971646554,4222.125154228749
2016-06-24,1745.0149355463438,-891.6137483846096,4524.066745421626
2016-06-25,1345.490410208148,-1380.6180795746377,4133.86271166305
2016-06-26,1527.408720567111,-1544.9808171762372,4367.597211494054
2016-06-27,1735.961768772484,-1066.1822622543518,4676.086541917747
2016-06-28,1153.536938516378,-1597.1604532154627,3763.091379710593
2016-06-29,286.7554071983013,-2506.4174344269927,2802.5407066251346
2016-06-30,1485.15097293962,-1089.7077108073722,4333.843592427444
2016-07-01,1750.8066589820007,-971.2253087318347,4671.274155370636
2016-07-02,1354.4790219718307,-1348.672114971221,4054.0249231381017
2016-07-03,1538.387083681523,-1360.8947731371463,4326.699005508939
2016-07-04,1747.8341264260018,-799.9370437049619,4294.681235589911
2016-07-07,1494.808786995059,-1354.8089590445893,4030.678807960601
2016-07-08,1758.7436998718315,-872.1694731540482,4510.0861205258825
2016-07-09,1360.5449344596532,-1511.01332449249,3983.67101107669
2016-07-10,1542.6158007288857,-1233.6883496389057,4170.526043205728
2016-07-12,1166.7619130246944,-1267.2483322229034,3958.6391573012293
2016-07-14,1495.419493732412,-1250.9703407510797,4323.893222865667
2016-07-15,1759.9523158374168,-1058.2345428648086,4414.345710263645
2016-07-16,1363.0615745453883,-1298.9870416879476,4063.459594512341
2016-07-17,1547.1414817632772,-1100.213519208914,4492.049102722495
2016-07-18,1757.6450852771075,-964.7434919583587,4379.144359881831
2016-07-19,1177.1982127214133,-1764.6515642309096,3808.2509493337952
2016-07-20,312.6286958199107,-2414.5549913488862,2956.5170868694045
2016-07-21,1513.637907262465,-1076.6453111557212,4398.787741441676
2016-07-22,1782.4321034960537,-1047.890129646783,4538.286886598698
2016-07-23,1389.8436553826903,-1527.2907141693136,4060.993823917225
2016-07-24,1578.1063715111572,-1334.4980007809272,4327.869348649411
2016-07-25,1792.5171030492395,-887.7949043658455,4537.307500494536
2016-07-28,1557.2323958155464,-1259.1477782354214,4340.3790108284575
2016-07-29,1827.605650472776,-706.4067927800671,4675.2083341012685
2016-07-30,1435.8473782765975,-1089.6903781157487,4288.887367532216
2016-07-31,1624.1975268601655,-1338.5424199515799,4297.417760988421
2016-08-01,1838.0007767464435,-988.0768238657619,4495.127509768593
2016-08-02,1259.828724279631,-1503.2798695415836,3911.1375049348135
2016-08-03,396.5155396831981,-2297.242070467394,3262.5935517730686
2016-08-04,1597.833869003525,-1213.686320150389,4334.798084831719
2016-08-05,1866.1282742148985,-824.3536158011052,4543.296238130752
2016-08-06,1472.4361657083687,-1230.6005176962508,4190.946765237518
2016-08-07,1659.2603794088927,-1007.0370441696157,4429.872376261116
2016-08-08,1872.2256122140302,-781.5181891351513,4635.640566396777
2016-08-09,1294.1923257072422,-1460.8569675799297,3934.128280573113
2016-08-11,1636.5510689747086,-1212.7976571773088,4314.347890261996
2016-08-12,1909.600172742002,-759.0134432211717,4646.031113426584
2016-08-13,1522.7005016179596,-1268.5885709303348,4340.547759052228
2016-08-14,1718.5501132963766,-1221.7455717610335,4227.982861856869
2016-08-15,1942.923629077872,-709.8696751558825,4588.324486965224
2016-08-16,1378.7788587416162,-1481.6650853627502,4200.884135277977
2016-08-17,533.2774061906105,-2232.7591753218962,3170.9314256087023
2016-08-18,1756.4809007734632,-1175.1256814939552,4568.3401810107625
2016-08-19,2050.8684370676765,-640.9061808471638,4873.164392504843
2016-08-20,1687.5498495813956,-890.615580731381,4572.451196693085
2016-08-21,1908.9950467094336,-851.3688337189715,4586.884657179135
2016-08-22,2160.6840521788913,-519.9681482741928,5135.950911960288
2016-08-23,1625.217169077429,-1109.2322400680293,4318.350573316205
2016-08-26,2387.04715875268,-153.9179858856506,5004.480248394026
2016-08-27,2053.201947485923,-764.0411674927267,4838.813942329529
2016-08-28,2302.984847179887,-343.41726741134556,5196.018129674143
2016-08-29,2581.2987156514027,-298.21058945469184,5255.516615004159
2016-08-30,2070.166580601266,-773.929145155827,4715.791055108053
2016-08-31,1275.769393497245,-1662.1246925930911,3938.5053352971786
2016-09-01,2547.126510182311,-161.62390944421617,5244.065865896546
2016-09-02,2885.73620196001,227.8188303075463,5767.568092828216
2016-09-03,2561.706100538279,-64.41276774639704,5468.879568562744
2016-09-04,2816.537618032799,136.24435000538247,5411.645343005344
2016-09-05,3094.796386638729,420.8732948488353,5730.463909384929
2016-09-06,2578.242104084576,-129.05312863436467,5351.256660832988
2016-09-08,3027.61068709372,293.7731677750358,5809.249362467495
2016-09-09,3343.9454276936617,495.87374046956785,6071.416985173785
2016-09-10,2992.0669579644737,492.5950775665812,5781.932537256455
2016-09-11,3213.6495969201633,399.92654988703833,6064.675890334377
2016-09-12,3453.5208823788785,782.8836176361657,6126.276539085665
2016-09-13,2893.7881171860054,-100.74165947018578,5592.23893366268
2016-09-14,2040.8778621238307,-818.6956514063321,4815.199978263417
2016-09-15,3244.2152006639662,830.3240845336327,6113.707912437342
2016-09-16,3505.8601302794223,491.38302931751207,6147.073238150028
2016-09-17,3096.631094898904,485.1525234059759,5639.218065565268
2016-09-18,3258.8798664186766,681.76844702345,5925.156298107358
2016-09-19,3438.1500361713793,521.1356546052182,6293.89740944845
2016-09-20,2817.2927614559408,134.46652613815525,5644.6739692205065
2016-09-22,3046.948250231242,29.615929143068026,5688.211695132785
2016-09-23,3250.4723671451375,439.5716767201898,6054.3952738922135
2016-09-24,2785.62961106663,5.108690008271894,5457.821064988369
2016-09-25,2895.488340638003,53.91826782059786,5609.751515312261
2016-09-26,3026.2717362512303,270.9316087076763,5922.906394482678
2016-09-27,2361.4643351111154,-235.63839203586238,5356.881239424043
2016-09-28,1408.83200244909,-1210.4880514407687,3932.949843008539
2016-09-29,2519.082451363436,-374.52350490217134,5322.638415438731
2016-09-30,2695.4839248701614,-61.01561651371583,5517.071777131921
2016-10-01,2209.976605318384,-307.3564847956972,4884.062985270089
2016-10-02,2305.919535826196,-211.14224797597277,4989.760943052152
2016-10-03,2429.748708855861,-309.0924653130068,5385.644479900858
2016-10-04,1765.0768585676758,-811.1679862223514,4675.588261292071
2016-10-06,1944.317777013634,-764.0532053926247,4982.5767393968845
2016-10-07,2142.032310647919,-490.3686749303183,4943.5624461842535
2016-10-08,1684.5772382737414,-1143.301820796264,4317.053478218691
2016-10-09,1815.0198218692965,-922.5942741028888,4349.780462692241
2016-10-10,1979.4213966886227,-593.4434118315239,4803.573955146944
2016-10-11,1360.9455943750208,-1342.7701534503096,4229.377671948176
2016-10-13,1647.3109747211663,-1109.1617823592703,4329.194713787004
2016-10-14,1904.7311434781304,-948.0823344260285,4517.330523899348
2016-10-15,1510.1731244044013,-1303.5525326221018,4145.170023366317
2016-10-16,1705.970415302802,-1098.2683195387306,4556.9639278867
2016-10-17,1937.415821375367,-857.6770417237158,4936.874097493129
2016-10-18,1386.878427488423,-1488.5920213850213,4222.556346821044
2016-10-20,1808.5519299178727,-874.7050637543109,4592.049942699019
2016-10-21,2131.707824189756,-571.0525650842892,4923.952475329121
2016-10-22,1800.5324424190037,-1049.6027409754654,4554.6007957731
2016-10-23,2056.5805952489495,-748.9212639912755,4678.774681628269
2016-10-24,2344.4006004903094,-483.3675391895466,4989.504675834148
2016-10-25,1845.6617350238653,-703.8075258750695,4649.193030765919
2016-10-27,2354.689598413007,-395.74775033596325,5233.647895274857
2016-10-28,2712.315748718711,189.22349990569646,5477.51879931838
2016-10-29,2408.881556473232,-285.45204248001414,5116.58886519953
2016-10-30,2685.6101823079944,-159.01724412506002,5304.952397729557
2016-10-31,2986.8160390757484,413.69923687006843,5656.366832665325
2016-11-01,2494.0378364012386,-341.1009766975844,5350.826299511255
2016-11-03,2992.7294619511667,222.9797672301804,5783.756566960703
2016-11-04,3334.3440276818237,730.2366336553063,6014.1304222118815
2016-11-05,3008.0437122652447,33.630453053740915,5621.523586308928
2016-11-06,3255.4674018788337,684.4363978943413,6060.9715039269795
2016-11-07,3521.447789697657,739.8179749360058,6375.609601963305
2016-11-08,2988.1376263314833,186.44657555326748,5651.670337851091
2016-11-09,2162.048131106691,-501.4422373266569,4888.204576431217
2016-11-10,3392.7263068579114,640.725366731558,6138.428078461914
2016-11-11,3682.388438074122,1096.3148547385267,6391.317427821463
2016-11-12,3302.0397247581463,584.2290720518287,5809.443987994898
2016-11-13,3494.2442162612306,879.890576883321,6222.393045409316
2016-11-14,3704.7773325386006,882.3993617944926,6595.5051730948635
2016-11-15,3116.734394451065,231.00894159806626,5802.266842932811
2016-11-16,2237.5510444121087,-668.8481630425797,5086.685154221706
2016-11-17,3417.6621965805707,744.3667450415635,6068.553801068052
2016-11-18,3660.1174133956306,827.1570904832337,6417.944421895474
2016-11-19,3236.6830142092713,418.66346196040314,6043.786451442959
2016-11-20,3390.5954862620233,680.5836103757753,6252.117478585954
2016-11-21,3568.1988411024286,840.4457906844514,6450.453445040557
2016-11-22,2953.039958481606,477.23489923078927,5617.7047090230035
2016-11-23,2052.8776979716818,-792.1242706429613,4868.212917317451
2016-11-24,3218.3332108333457,525.0188544379647,6130.866494529093
2016-11-25,3452.499400643569,512.2528618138986,6340.031393951729
2016-11-26,3027.040114950182,194.98566652322097,5908.656063606676
2016-11-27,3184.9438061611154,376.6663572351568,5729.005148208537
2016-11-28,3372.1644036566718,547.0622311599561,6094.235313503949
2016-11-29,2771.723463717995,-62.50867359117831,5264.114505788856
2016-11-30,1890.7293237985652,-910.3214730508068,4724.408859411313
2016-12-01,3079.040560301304,195.18042196182662,5748.303295936352
2016-12-02,3338.8914850939746,664.0638639753414,6278.121816796385
2016-12-03,2941.0099727870643,156.67764308825147,5643.246693389054
2016-12-04,3127.3919936118346,547.4714591163043,5945.024718419989
2016-12-05,3342.9651644696496,657.648641207538,6103.8805621938345
2016-12-06,2769.7148973016747,-8.079296939562894,5361.794780959027
2016-12-08,3123.882814271705,477.1768086765213,5797.036502611806
2016-12-09,3401.495965444894,542.2936385751517,6180.981606553676
2016-12-10,3016.4671941616266,390.8677168241617,5651.843338445328
2016-12-11,3210.0742714836015,325.56129653332005,5768.790618986328
2016-12-12,3426.6568049175703,595.5001460479277,6250.878427486859
2016-12-13,2847.7596233404524,231.12228043312174,5669.13326327637
2016-12-14,1979.1907852652303,-650.8139423344456,4618.012084015951
2016-12-15,3169.7205204387296,669.2434342806366,5855.791368686046
2016-12-16,3420.7379062319433,766.6269216567052,6196.094034598358
2016-12-17,3002.394716995216,262.71717542064647,5678.8154152032175
2016-12-18,3156.4000713052696,314.5415436304801,5964.328268879139
2016-12-19,3327.697564944019,609.4830272423525,6077.278792761113
2016-12-20,2698.5979885849792,-11.461897777702742,5346.79111956158
2016-12-22,2909.1828444537623,136.10308584910823,5842.359483788218
2016-12-23,3101.2157604135373,393.2607176201695,5810.405585997325
2016-12-24,2623.3015415705104,-108.09567907983005,5378.1670778907965
2016-12-25,2718.4308723389495,0.8106135370164531,5483.119065715388
2016-12-26,2832.852368131169,37.48050061489427,5521.385306357908
2016-12-27,2150.1742160494655,-689.9917185007704,4782.782329532216
2016-12-29,2268.4592618718452,-473.59486850779285,5016.923076290851
2016-12-30,2424.0492046413797,-166.0154361695496,4993.495742491974
2016-12-31,1917.4879813055534,-931.5796040739232,4697.78058002205
2017-01-01,1992.574614743661,-671.8563101396569,4650.466495973362
2017-01-02,2096.1904536019165,-648.2626869908717,4855.734230474765
2017-01-03,1412.3825856273274,-1326.525326225413,4284.01162246532
2017-01-06,1742.1401554006063,-1122.2018644824573,4271.481400860925
2017-01-07,1273.2703110190032,-1486.2915501836244,4066.166138342711
2017-01-08,1394.6878565401391,-1556.1755006105213,3950.211225112664
2017-01-09,1552.4283271724833,-1220.5676705599856,4339.8232193947115
2017-01-12,1212.401638472628,-1583.6173324787642,3954.8861482532566
2017-01-13,1469.8698651284978,-1135.3931994676273,4017.8236799665956
2017-01-14,1075.7349046612865,-1458.3828971212429,3856.71103575448
2017-01-15,1271.5892786659022,-1488.9815398310066,4106.579955850071
2017-01-16,1501.8993740155688,-1204.823529584216,4302.888161876389
2017-01-19,1353.3705868578795,-1557.5463541886943,4065.833293043639
2017-01-20,1661.4095837229384,-967.6014978819888,4448.920878516597
2017-01-21,1309.3068421380722,-1432.380426704909,3987.76442317381
2017-01-22,1537.7844241363148,-1170.4854933203158,4265.761949825873
2017-01-23,1790.6544397756431,-1008.467745772224,4588.8181034283525
2017-01-24,1248.9735476043452,-1388.0314509785087,3863.0041521533212
2017-01-26,1646.4552533200754,-1213.2144198820195,4455.617341648143
2017-01-27,1935.078875608497,-784.1069201779687,4670.102303334033
2017-01-28,1553.8858136013607,-1154.519906004186,4041.7901964408043
2017-01-29,1744.409765509465,-1053.9539975184268,4413.491124528252
2017-01-30,1951.492167463117,-668.5281666222218,4713.71190273044
2017-02-02,1635.973883002203,-1091.6625601795893,4165.894373406698
2017-02-03,1861.227692782783,-912.2159596647674,4674.330905891519
2017-02-04,1416.2911814736126,-1398.1752164901268,4178.531441971745
2017-02-05,1544.410606618424,-1096.877812480194,4291.389660014699
2017-02-06,1692.1222579397577,-1017.9402360251153,4535.762761202133
2017-02-09,1232.5410965561114,-1606.7772720618698,3926.505983659651
2017-02-10,1425.775774243735,-1264.526581256996,4189.436711350702
2017-02-11,958.7138586303594,-1699.8757174186342,3710.948760676562
2017-02-13,1222.994815209709,-1535.4151617827395,3963.9954195767086
2017-02-16,832.4915495681366,-1780.1445942506887,3552.9840024418477
2017-02-17,1071.1707812048194,-1705.6363762897172,3682.8976860310863
2017-02-18,659.7365228053661,-2023.3422639948924,3432.443346710916
2017-02-19,841.2678571607114,-1980.7757034729257,3626.2761850975953
2017-02-20,1061.6731009556565,-1641.2276422161656,3815.3484567286037
2017-02-21,503.79374204263877,-2119.2656917914037,3323.0918254241146
2017-02-23,923.0054545106964,-2034.5690318424288,3569.674521385548
2017-02-24,1251.2171086242936,-1436.5691062561307,3995.561989707402
2017-02-25,929.1526322118973,-1794.6381209652484,3609.2624873465875
2017-02-26,1198.0869310271514,-1423.678275819329,3931.065510502652
2017-02-28,1022.5255716587951,-1765.5446344982806,3666.3841994352115
2017-03-02,1575.7957924554942,-1116.2370890178136,4340.803703064475
2017-03-03,1957.1497636024746,-890.5505059954551,4537.15493108916
2017-03-04,1677.5165270417854,-840.643766873249,4336.780498717836
2017-03-05,1977.362750473683,-757.6100435602483,4712.950853059065
2017-03-06,2300.2671711135604,-421.3477513746412,5096.113701878677
2017-03-07,1827.0748742485732,-727.7764921135149,4693.389885877345
2017-03-08,1062.963762105001,-1839.7611505649245,3798.3397480271697
2017-03-09,2356.1493645149094,-298.649316303597,4990.459871436851
2017-03-10,2707.544720890547,-65.08610760796157,5487.435946465825
2017-03-11,2386.904787648647,-364.1345924956085,5274.991761093182
2017-03-12,2635.6190980388064,2.7829152932197565,5246.544552114051
2017-03-13,2898.384546290294,258.23823012562895,5741.503085893018
2017-03-14,2357.3316539730336,-290.0779805167871,4873.557898970526
2017-03-16,2733.3063805277643,-197.09428780835444,5429.2046629611705
2017-03-17,3002.573476869947,467.68974064858537,5807.3359507553005
2017-03-18,2598.23241736167,-343.82770930884044,5465.318017457436
2017-03-19,2763.280844053874,121.82810392436147,5231.71368942038
2017-03-20,2943.979076796242,80.69140598178531,5702.32201845382
2017-03-21,2323.9419952936355,-303.8177905716399,4849.173501118979
2017-03-23,2556.5518954688173,-178.84921758138304,5367.1955549675895
2017-03-24,2763.7424976257994,-13.219577606802499,5504.546773203141
2017-03-25,2304.9715859484736,-423.9118982543685,5227.244931939018
2017-03-26,2423.923524809965,-259.1619946242527,5264.3065986324855
2017-03-27,2567.3360501633742,-51.51536635732325,5074.802960772133
2017-03-28,1919.087450038302,-982.3756636975055,4844.034431800592
2017-03-29,987.2003223750269,-1685.927149453879,3680.9774340458875
2017-03-30,2122.4894822954197,-876.5055405968261,4804.05900407121
2017-03-31,2328.172002405672,-461.92353935732774,5037.376343873264
2017-04-01,1875.9698987521454,-838.8994503802468,4762.575877823599
2017-04-02,2008.870028439817,-717.9243548629868,4938.273950757716
2017-04-03,2172.7736724617,-621.7480942897553,4730.86094888421
2017-04-04,1550.609533847113,-1163.47473156726,4406.9620304189075
2017-04-06,1818.765116547059,-892.1971651175112,4597.76122720185
2017-04-07,2060.9089368931404,-760.149391436736,4621.11281856102
2017-04-08,1646.4053060454792,-975.2725302348911,4306.9161526055905
2017-04-09,1817.1596285832356,-1042.7830764033722,4672.858427738042
2017-04-10,2018.0507125478757,-757.670194649356,4707.751693457417
2017-04-11,1431.0682908296515,-1280.7691323968209,4042.543256402415
2017-04-12,562.3662785044157,-2179.682494203302,3315.400092173444
2017-04-13,1760.9580766668882,-1073.2241076236244,4474.397785120825
2017-04-14,2028.3707266036088,-564.0851301669035,4736.691252232608
2017-04-15,1634.7873583487033,-892.8034350458636,4535.102352948998
2017-04-16,1821.8415686077465,-1079.7124917335711,4684.418170660422
2017-04-17,2034.2954301197396,-702.525725519489,4724.4148689612075
2017-04-20,1784.5407550664672,-952.4016201510975,4530.682366988252
2017-04-21,2046.321150248086,-624.2985220097412,4676.924682715461
2017-04-22,1643.8773711785077,-957.5005059220276,4469.586479429183
2017-04-23,1819.46726812998,-765.5016303801751,4490.222525267985
2017-04-24,2018.5400330710318,-775.678956297412,4798.86532151638
2017-04-25,1423.848473849399,-1097.7336175781609,4235.015362813119
2017-04-26,542.4723845404928,-2290.849735522262,3431.906176304354
2017-04-27,1724.4802613942077,-966.74043695654,4372.861191773274
2017-04-28,1972.5471869710052,-660.3160854417763,4707.66636571717
2017-04-29,1558.059395891363,-1141.8807716155118,4321.182800733884
2017-04-30,1723.8702470728924,-1130.4979962137318,4456.227717973431
2017-05-01,1915.940384669923,-1045.2597171182542,4587.097477957262
2017-05-02,1317.4362451582856,-1458.5164516888224,4100.295464059002
2017-05-03,435.7427753077393,-2453.1663221966646,3112.0917549464634
2017-05-04,1621.1178416918087,-801.8498603266705,4288.002409398366
2017-05-05,1876.3062877884286,-802.8538231412186,4690.761697266757
2017-05-06,1472.644185769657,-1234.4368086436073,4165.036460195802
2017-05-07,1652.8179430592813,-1005.4688803560224,4306.806672893932
2017-05-08,1862.5108859607699,-857.1548313256925,4602.921601477431
2017-05-09,1284.51122935791,-1396.9077074450352,4130.148648451225
2017-05-11,1635.9047775039517,-1206.1708955559093,4392.893399768256
2017-05-12,1917.1604109398304,-709.1079375390882,4731.797257681443
2017-05-13,1540.2006666537654,-1180.3786513788118,4266.399005779608
2017-05-14,1747.0510356435016,-1004.3512669640916,4432.369604531723
2017-05-15,1982.731127882852,-680.0640574324966,4703.828791964785
2017-05-16,1429.381245246394,-1117.6492998222604,4245.218239379133
2017-05-18,1823.6554119044695,-812.6448148318012,4595.914313037627
2017-05-19,2122.079032772562,-584.3261502275273,5070.05809749812
2017-05-20,1758.851947374752,-1258.771753923928,4433.8909783415875
2017-05-21,1975.6672811746494,-755.2099531645176,4529.342590253445
2017-05-22,2217.3085643202703,-423.8258096113467,4849.833824337845
2017-05-23,1665.7813219828813,-1119.4375192205148,4217.314704627581
2017-05-25,2051.2624380250422,-673.4501410171448,4522.519019559418
2017-05-26,2339.3121830007876,-372.46689794286266,5168.773133697484
2017-05-27,1962.0465469097846,-789.8990266893313,4773.006136341475
2017-05-28,2161.5063739514653,-524.2829202009484,4906.830664340004
2017-05-29,2382.8964980780606,-345.8312124343496,5207.893278287853
2017-05-30,1808.704829631026,-803.2157755910282,4469.639225870711
2017-06-01,2143.7679692578217,-563.4666546405379,4813.157682625019
2017-06-02,2405.2050133940725,-287.8515477650625,5167.235263794077
2017-06-03,2001.1642974022068,-910.3486461249697,5062.290236939681
2017-06-04,2174.253576717282,-682.709578564865,4851.907336468766
2017-06-05,2370.21673857681,-260.40330064947483,5132.050333687059
2017-06-06,1772.0397339703259,-897.500123855776,4466.5121201527145
2017-06-08,2065.176032322435,-753.7920364213368,4814.341633581834
2017-06-09,2309.3668620311237,-233.1384089762933,5445.773213469462
2017-06-10,1890.8986337738893,-726.1921857371956,4764.744701910784
2017-06-11,2052.5361047388205,-900.3486009635881,5049.933378615638
2017-06-12,2240.099701153918,-471.93919420266474,4803.0254556627215
2017-06-13,1636.5726812963544,-969.67276912443,4544.083194955914
2017-06-15,1927.7731515218293,-840.8475397608013,4704.583018905068
2017-06-16,2175.017183557437,-556.7773694496935,4805.14805293078
2017-06-17,1761.9457183975173,-977.4575584638067,4478.638384340294
2017-06-18,1931.0125917830835,-885.4029854454761,4731.044090588187
2017-06-19,2127.69375676636,-579.5831561494725,4837.5852696535485
2017-06-20,1534.605870475094,-1119.694745790907,4327.246785812892
2017-06-21,658.5406465741676,-1994.9565713801046,3391.811663253017
2017-06-22,1849.141763958637,-918.4118857251681,4501.354809325561
2017-06-24,1707.4875455061867,-864.4767394010187,4373.722317241617
2017-06-25,1888.122191343494,-1009.1747112856249,4566.231404382394
2017-06-26,2095.648905562474,-579.6611727454817,4717.878066277229
2017-06-27,1512.456648779832,-1182.702029697897,4254.549223485164
2017-06-29,1843.2728072333716,-959.720335542414,4635.890531206768
2017-06-30,2108.857844643014,-684.8919618244084,4759.389772278567
2017-07-01,1712.6404122208319,-1069.482535609587,4546.056897756591
2017-07-02,1896.7919062547348,-702.299732087358,4459.373964108815
2017-07-03,2106.59033336931,-706.1993726253735,4889.826984301606
2017-07-05,657.402340158555,-2079.1348105523457,3441.9318347451613
2017-07-06,1854.8712096885495,-1012.7249503979696,4442.192108376343
2017-07-07,2119.1995265197575,-550.6921315297585,4671.447276056178
2017-07-08,1721.3180476582038,-913.1662789594717,4338.020243315555
2017-07-09,1903.6042821496426,-800.6936639435297,4872.733032076867
2017-07-10,2111.536091890057,-599.0976378506739,4859.901650725305
2017-07-11,1527.8034881057001,-1119.4025173900684,4215.787653576135
2017-07-12,659.3341589925167,-2001.8819079869718,3457.702722623717
2017-07-13,1855.9599047474935,-832.5569273723468,4682.287216548294
2017-07-14,2120.0416632554025,-745.1691215850591,4886.179849689114
2017-07-15,1722.5834385029457,-1068.1224991087454,4371.42172687645
2017-07-16,1905.9995987226762,-1005.627228134461,4661.89019319105
2017-07-17,2115.7680191754457,-605.899218954402,5072.19297673378
2017-07-18,1534.5428784546948,-1169.5966298290377,4604.125691087386
2017-07-20,1869.4199649534444,-789.8332666895452,4543.945183256546
2017-07-21,2137.492094521043,-613.8559149464495,4884.116440059278
2017-07-22,1744.2601740802352,-1075.3246955733218,4398.529567192004
2017-07-23,1931.983434356629,-840.7010653910007,4867.568737983404
2017-07-24,2145.979471176066,-588.2805008059383,4953.150179294155
2017-07-25,1568.7445099366278,-1153.542060125212,4336.760195846313
2017-07-26,706.9888273004715,-2088.400082855959,3549.1944794260708
2017-07-27,1910.314143222116,-867.6934137505768,4477.394984845605
2017-07-28,2180.850267615034,-703.2809028085451,5019.394760511261
2017-07-29,1789.3808922010599,-968.9756936744983,4663.331568662606
2017-07-30,1978.1225638069109,-844.395215899092,4648.913768101025
2017-07-31,2192.388888273677,-528.6880249645428,4916.040709802229
2017-08-01,1614.7133664071391,-1112.960806423466,4434.959748450299
2017-08-03,1953.6302054033727,-878.3972087648078,4779.468922079734
2017-08-04,2222.2379223966327,-460.62309854745274,4914.600137195581
2017-08-05,1828.6917944345369,-931.621539554169,4773.350140791771
2017-08-06,2015.4395699273891,-857.0979191097517,4843.462984497276
2017-08-07,2228.052266218551,-619.5703177383931,5092.564467134077
2017-08-10,1989.1852591080738,-753.8174235125296,4577.6507860706815
2017-08-11,2260.33068914688,-662.9912856253198,5020.134118964131
2017-08-12,1871.06486568555,-807.1360805148354,4658.720394930018
2017-08-13,2064.0757466502887,-803.9413418503651,4952.3745906785125
2017-08-14,2285.139643520613,-280.43454752016595,5153.869777433758
2017-08-15,1717.2285085061658,-1001.3319272177253,4737.364883170007
2017-08-16,867.5308976207295,-1914.3462640879209,3536.5309107190305
2017-08-17,2086.1138115308663,-607.6528606406756,4925.973560092937
2017-08-18,2375.5431290921433,-213.64234218894933,4954.019530428572
2017-08-19,2006.9929841281362,-852.7232272068359,4845.1916511532745
2017-08-20,2223.0085982062174,-179.54484554809412,4975.945552219593
2017-08-21,2469.1550975678997,-200.7490537211882,5127.608494690175
2017-08-22,1928.1261836483886,-943.3055395508126,4724.279004611037
2017-08-23,1106.7682090127366,-1701.8021920194246,3855.636900619367
2017-08-24,2354.7468105147514,-70.34769304023754,5124.843377244346
2017-08-25,2674.1737205334002,-33.48959251696738,5558.430009257463
2017-08-26,2335.7239711603447,-362.106280143807,5091.6543946227985
2017-08-27,2581.4078309115303,-43.03841655179506,5758.091114844603
2017-08-28,2856.2297961345525,313.6851572816719,5580.083993065028
2017-08-29,2342.308273660977,-175.06164345193125,5294.82864869994
2017-08-31,2816.134851331868,-133.99210900392558,5532.447228636651
2017-09-01,3154.542081438716,488.2947433595254,5915.461725860986
2017-09-02,2831.29177793595,117.11879640879269,5559.586405447626
2017-09-03,3087.921760857718,296.82203831671615,5626.062492575443
2017-09-04,3369.018303128648,581.612714483433,5973.468347041579
2017-09-05,2856.345307674288,52.20868963970511,5529.517472227241
2017-09-07,3316.539846210763,647.1751969135123,5938.054935609156
2017-09-08,3639.7438970219973,955.2657728686632,6276.5864273066945
2017-09-09,3295.628400903723,630.9930149560457,5994.30460484566
2017-09-10,3525.7906857951666,830.4845133414066,6277.045436916506
2017-09-11,3774.9673558338686,1110.289190806239,6560.324401910668
2017-09-12,3225.1622168059625,394.5563424074279,5877.070021549511
2017-09-13,2382.687355729877,-372.7064181993355,5029.064008754416
2017-09-14,3596.8441650089917,670.2685571680018,6367.378591276055
2017-09-15,3869.5616292238433,1097.2800571295454,6522.631814308752
2017-09-16,3471.521851089369,651.7746656069884,6123.795194993153
2017-09-17,3644.9369863374177,993.2025384548067,6414.8153757835125
2017-09-18,3835.20981092409,1133.6396714608768,6610.400557444672
2017-09-19,3225.0515296178523,467.52945223007737,6039.371775720377
2017-09-20,2321.5121669257164,-316.511070635644,5063.822433973629
2017-09-21,3474.6505348326455,691.8151790476043,6221.611874885966
2017-09-22,3687.161297007535,973.4119830985376,6457.75908322358
2017-09-23,3230.48930068148,326.422032883186,5907.244971193602
2017-09-24,3347.5955298759936,413.51197538147085,6209.975179609343
2017-09-25,3484.6070729226785,817.422612806172,6227.846230309374
2017-09-26,2824.924865928146,-23.6799275702821,5466.868020731776
2017-09-28,2989.2185069559405,325.5307665121561,5797.957209565091
2017-09-29,3167.073814389221,434.5584522583135,5949.211993337868
2017-09-30,2681.7211480466835,21.14486834567638,5403.631887013674
2017-10-01,2776.514251463992,23.817069102946935,5387.355860086207
2017-10-02,2897.8952696393408,95.28885489125227,5667.365885894098
2017-10-03,2229.4987671487306,-408.35327989685516,4914.4593776002175
2017-10-04,1279.1700426964333,-1440.2431335324802,3997.6474349302107
2017-10-05,2397.624836153541,-428.72047432466184,5123.112207577588
2017-10-06,2588.0680180735058,69.70046621941431,5379.356720226503
2017-10-07,2122.301474995733,-698.096877816682,4663.789680985798
2017-10-08,2243.4855605907605,-531.8732404964557,4991.788099946257
2017-10-09,2397.7865000619386,-330.15164425501956,5228.493617670944
2017-10-10,1768.4834851864532,-937.2241571259669,4282.950238000954
2017-10-12,2031.522699182853,-653.4548494255895,4776.203173110906
2017-10-13,2276.7165931450963,-470.43124977267837,5006.191106123495
2017-10-14,1869.7480439960468,-929.6419354907995,4525.510116793642
2017-10-15,2053.0985759570876,-696.4716982132779,4598.528009407867
2017-10-16,2272.2106464285694,-337.3038890019816,5073.252331919271
2017-10-17,1709.6028085983805,-1065.049365636346,4423.869487995633
2017-10-19,2108.509821084796,-686.0047414105553,4822.440149836055
2017-10-20,2421.2507220386133,-318.23788944758684,5326.117790756284
2017-10-21,2080.481496548952,-681.9432751819426,4664.771528280271
2017-10-22,2327.877044093176,-484.22336551467095,5266.847701183701
2017-10-23,2608.094231958468,-233.5433101890419,5229.184281679037
2017-10-24,2102.897589044624,-491.34546015248145,4725.468023174808
2017-10-26,2602.749834029879,-69.72026758546178,5164.9208299135025
2017-10-27,2957.768160466644,257.6893480260762,5733.655753959121
2017-10-28,2653.0888165606025,-181.87052626867126,5320.091501223152
2017-10-29,2929.942589436555,67.66821406260446,5414.954825463709
2017-10-30,3232.6312818459555,760.8076029719977,6020.16257964059
2017-10-31,2742.6605061312653,-55.62347842947801,5304.813657440699
2017-11-01,1965.7869467245607,-690.0438545881638,4804.213393666583
2017-11-02,3250.7067860946127,632.4435194254755,5917.247379335796
2017-11-03,3598.7024733738226,902.3862888924252,6345.140504522548
2017-11-04,3279.777633262245,497.8720747628068,6094.302211955008
2017-11-05,3535.444070151718,677.4082997864914,6415.711695838744
2017-11-06,3810.3928461017267,1082.7530581011065,6347.445673313266
2017-11-07,3286.6227741011344,482.4576852474025,5978.084344739982
2017-11-08,2470.481385095937,-273.94126162930297,5023.529212529204
2017-11-09,3711.3450748660434,876.4053336423727,6477.58218019801
2017-11-10,4011.2556653645706,1251.9975024072564,6654.765690931938
2017-11-11,3641.0432797161707,976.5676224390608,6296.156129619723
2017-11-12,3843.0996347888968,939.5883778669198,6667.161913046753
2017-11-13,4063.033925867927,1299.172746530231,6893.128124942942
2017-11-14,3483.7848861964503,725.6433396859481,6188.934173826885
2017-11-15,2612.6443635167043,128.89507186873135,5305.443811050779
2017-11-16,3799.9194415048823,1075.301852010439,6603.138303626796
2017-11-17,4048.5506947113445,1445.7395334915066,6820.571442741068
2017-11-18,3630.216855756945,891.8472059813298,6399.1143874661875
2017-11-19,3788.090395621871,984.0373858998852,6303.5826928270035
2017-11-20,3968.47659683263,1462.0901445883317,6836.722075800292
2017-11-21,3354.910106400558,565.3945747441544,6338.124655028988
2017-11-22,2455.164703208326,-373.0742406503038,5202.989209629326
2017-11-23,3619.903678397719,1044.4792716449053,6333.2690290532155
2017-11-24,3852.2887557855547,1029.0788964122053,6534.812602266274
2017-11-25,3424.0781271126853,612.4507701323004,6016.346531209328
2017-11-26,3578.3783473124636,805.5146377377074,6286.133409174407
2017-11-27,3761.282853813852,877.7421687496097,6647.275910919652
2017-11-28,3155.971213449302,496.8383127897287,5923.505798265171
2017-11-29,2269.724875225347,-239.46155059839512,5025.927676311096
2017-11-30,3452.58679358708,800.6333729727714,6204.470457936818
2017-12-01,3706.9827358222587,1189.8990442607233,6749.7361556432115
2017-12-02,3303.8346549682233,547.4938605869917,5891.193502960589
2017-12-03,3485.3306020786868,866.0841333065569,6434.5347742482
2017-12-04,3696.583596235245,1107.9946096343203,6590.759363968797
2017-12-05,3119.7531422368565,152.68543549165872,5771.875602061985
2017-12-06,2261.0847004310162,-496.0705653831919,4927.893223759887
2017-12-07,3469.5939492667944,564.785770165393,6182.544165394648
2017-12-08,3746.713091473277,853.5841450738266,6567.923891846208
2017-12-09,3362.4289966392334,746.0218772576703,6247.958052340172
2017-12-10,3558.0770536294967,819.8712912722448,6199.874244776174
2017-12-11,3778.022553830012,1056.249888867074,6404.463315714861
2017-12-13,2341.184109732166,-338.98515050364875,5266.5519931016015
2017-12-14,3538.8618242897824,911.6729930250727,6255.809906930319
2017-12-15,3798.1171904986377,1068.012066823509,6587.050142478033
2017-12-16,3388.9634941243385,590.1651556461057,6091.3150642011315
2017-12-17,3552.9432741983146,715.3248751445338,6291.986259225945
2017-12-18,3734.8088481321242,928.4127477662954,6519.232779288924
2017-12-19,3116.6590954237827,364.5996781897561,5689.072143705418
2017-12-20,2204.987286435467,-597.1966596364872,4915.891601215037
2017-12-21,3349.366435467774,466.1694464912281,6179.457995181903
2017-12-22,3552.0892372909193,1027.5788186746709,6324.308435193694
2017-12-23,3084.2923670881964,503.04344803710273,5931.18455073207
2017-12-24,3188.7291878567557,290.2228661681933,5918.507581385469
2017-12-25,3311.4230407936084,367.5735868564332,6074.742886393619
2017-12-26,2635.774762923422,-182.1026795055389,5498.219365568818
2017-12-27,1669.5798941418916,-1261.661201030525,4167.365055210825
2017-12-28,2763.6827762506996,-171.21501383949806,5536.5461849387475
2017-12-29,2921.5853569973183,465.30141844237033,5655.193929301897
2017-12-30,2415.541244835609,-394.01887463750245,5234.185010976229
2017-12-31,2489.2998172961434,11.827772751314974,5409.64452981402
2018-01-01,2589.733290828582,-112.65606408698407,5538.0200405719615
2018-01-02,1900.9210834705611,-896.8304107168136,4871.207617548731
2018-01-03,931.1475560335011,-1661.5831132045084,3700.6154542700124
2018-01-04,2031.540877530948,-738.053415076121,4761.3126812825485
2018-01-05,2205.671275378043,-443.50354529259187,4687.949190478072
2018-01-06,1725.639555217443,-1165.3323445730039,4623.990121970601
2018-01-07,1834.8209133523108,-828.1068208657721,4501.891408251656
2018-01-08,1979.497043423212,-718.2612412824849,4580.117200041448
2018-01-09,1342.9508315177661,-1221.2251794629726,4203.650858460389
2018-01-10,432.47955629531066,-2606.176358090796,3192.7957025219475
2018-01-11,1598.054040885047,-940.9068089613064,4554.231617408623
2018-01-12,1841.9415939364512,-911.2565887284985,4575.515230658241
2018-01-13,1434.823086069938,-1276.9755699858297,4431.608331580855
2018-01-14,1618.568542528521,-863.6007424783396,4321.63594333441
2018-01-15,1837.9035227388765,-925.4686484338755,4543.314086338383
2018-01-16,1274.5397782015716,-1478.9753921615213,4039.9339046203327
2018-01-17,434.2252501652413,-2433.5754231335814,3353.645211810895
2018-01-18,1665.4399669958075,-1119.8382100196093,4321.314437770887
2018-01-19,1969.0547819074031,-630.0286417577826,4648.012652760305
2018-01-20,1614.4824132084232,-1240.2935881217402,4522.103108011439
2018-01-21,1842.4843186838757,-862.374714804663,4683.282997522659
2018-01-22,2096.8648820458575,-855.10622242739,4785.533403259227
2018-01-23,1558.6256874289188,-1138.3500469989524,4353.789812418701
2018-01-24,733.0343234635941,-2082.364311062818,3325.0540402879274
2018-01-25,1968.3337694857564,-834.15423650448,4868.754229672578
2018-01-26,2265.4089231264315,-720.6963302774825,4867.589448785095
2018-01-27,1893.9394870766073,-950.7191998362235,4755.397953237432
2018-01-28,2095.2026463793145,-549.3925831727659,4837.314261205458
2018-01-29,2313.757062088405,-227.76464869045478,5131.074910465936
2018-01-30,1731.5811531444874,-865.718181500923,4244.732506661972
2018-01-31,855.1204483453128,-2001.3592002737905,3555.0841049512956
2018-02-01,2033.9705382255895,-828.0803946434271,4721.214324452217
2018-02-02,2270.512789512156,-559.2729173681896,5062.789838185696
2018-02-03,1836.0327551677613,-867.5053043558137,4599.01556465181
2018-02-04,1973.4855214234851,-929.279822027626,4666.524314736367
2018-02-05,2129.1404028298984,-460.82591732258044,5150.656799719613
2018-02-06,1486.6788958047766,-1303.1184477268284,4147.256736768495
2018-02-07,554.2016417064401,-2046.0532659308817,3172.1075245805096
2018-02-08,1682.8719046041851,-1137.9198759167884,4268.340094685953
2018-02-09,1876.5136840159562,-968.561405214034,4682.192360113264
2018-02-10,1407.695311283602,-1380.4773351238402,4111.767286441588
2018-02-11,1520.4636218517535,-1115.7396304661806,4243.381039631482
2018-02-12,1661.9618790859042,-1061.711400186607,4280.1459729153075
2018-02-13,1016.506019174343,-1795.0122881743314,3695.363326026472
2018-02-14,92.5755048103938,-2860.947191077535,2823.1835564077523
2018-02-15,1241.4466937223194,-1394.0415306175316,3940.6504694980076
2018-02-16,1466.7870968744319,-1251.175192080754,4247.212313618698
2018-02-17,1040.7414768628614,-1470.8263196960424,4019.761280290908
2018-02-18,1206.6748251290583,-1525.4941923107704,3843.0388798906397
2018-02-19,1410.8051856739535,-1622.1479087414493,4155.653210423209
2018-02-20,836.3005376859032,-2024.3544702947472,3577.9509922041952
2018-02-21,-9.704472611417259,-2829.391242064128,2556.9900000034386
2018-02-22,1222.555329904098,-1598.8978072674022,3968.514395851126
2018-02-23,1535.104278484126,-1013.8405438106557,4082.4603937970296
2018-02-24,1198.349380520449,-1475.0624597666906,3974.446691575405
2018-02-25,1453.8628549789062,-1431.379008244458,4145.091839105717
2018-02-26,1746.055704790647,-993.2190674956232,4449.031279811108
2018-02-27,1256.315556236481,-1395.60084018655,4059.0650669309152
2018-02-28,490.0635735057408,-2049.0839736515563,3280.4722870347255
2018-03-01,1795.4567697928087,-1018.6752046013409,4463.889176848333
2018-03-02,2173.052439598558,-687.2369420812418,4940.279704891985
2018-03-03,1891.96398803304,-773.3507597027605,4525.6500156328575
2018-03-04,2192.671538269557,-514.2765492661447,4916.85236854862
2018-03-05,2518.718685470819,-431.40242162273705,5320.12678222626
2018-03-06,2050.8681080065435,-604.8164968363718,4933.20440128983
2018-03-07,1294.1704592225544,-1612.230678930492,3896.84914836481
2018-03-08,2596.6726213029883,-58.58414065685383,5429.806328411216
2018-03-09,2959.0819563058744,292.3370516943669,5691.97023068661
2018-03-10,2650.9158918971198,-106.06489130971889,5326.79512545805
2018-03-11,2913.3004335885907,199.97499093919353,5903.179753320567
2018-03-12,3190.649324661008,282.1641805500674,5753.740188612227
2018-03-13,2664.7970498736436,58.753083792090145,5449.047427916198
2018-03-14,1842.0407105030265,-908.6623208611396,4734.3845538551095
2018-03-15,3071.817559279875,124.07018736210419,5707.259234580578
2018-03-16,3356.335621254857,445.7053782742385,6215.343491248676
2018-03-17,2966.68759239607,221.79306784313195,5786.08220119316
2018-03-18,3145.6125028110114,238.34780631438645,5950.954953062528
2018-03-19,3339.1377788921154,491.04709207003344,6143.929617554318
2018-03-20,2730.675808139311,37.49030512598984,5477.663301877934
2018-03-21,1828.0309134005238,-1044.699533624776,4511.572868914798
2018-03-22,2982.04435395711,246.86570654405386,5468.978900257702
2018-03-23,3196.19553738468,473.5216722017103,6038.240054165224
2018-03-24,2742.6903025446663,192.32576062409032,5508.497590064427
2018-03-25,2865.201323786494,167.2888238549014,5487.130723098419
2018-03-26,3010.4937156116694,363.3667261705082,5595.759958740256
2018-03-27,2362.5102581661645,-220.86782107257866,4946.332157878214
2018-03-28,1429.372332486645,-1214.9953794488404,4093.175895143285
2018-03-29,2562.024227607052,-217.5532713337905,5466.287161776055
2018-03-30,2763.8389116722674,-90.78113207091255,5564.797555612198
